data,valor
01/01/2016,0.0005200886214598022
04/01/2016,0.0005200886214598022
05/01/2016,0.0005200886214598022
06/01/2016,0.0005200886214598022
07/01/2016,0.0005200886214598022
08/01/2016,0.0005200886214598022
11/01/2016,0.0005200886214598022
12/01/2016,0.0005200886214598022
13/01/2016,0.0005200886214598022
14/01/2016,0.0005200886214598022
15/01/2016,0.0005200886214598022
18/01/2016,0.0005200886214598022
19/01/2016,0.0005200886214598022
20/01/2016,0.0005200886214598022
21/01/2016,0.0005200886214598022
22/01/2016,0.0005200886214598022
25/01/2016,0.0005200886214598022
26/01/2016,0.0005200886214598022
27/01/2016,0.0005200886214598022
28/01/2016,0.0005200886214598022
29/01/2016,0.0005200886214598022
01/02/2016,0.0005200886214598022
02/02/2016,0.0005200886214598022
03/02/2016,0.0005200886214598022
04/02/2016,0.0005200886214598022
05/02/2016,0.0005200886214598022
08/02/2016,0.0005200886214598022
09/02/2016,0.0005200886214598022
10/02/2016,0.0005200886214598022
11/02/2016,0.0005200886214598022
12/02/2016,0.0005200886214598022
15/02/2016,0.0005200886214598022
16/02/2016,0.0005200886214598022
17/02/2016,0.0005200886214598022
18/02/2016,0.0005200886214598022
19/02/2016,0.0005200886214598022
22/02/2016,0.0005200886214598022
23/02/2016,0.0005200886214598022
24/02/2016,0.0005200886214598022
25/02/2016,0.0005200886214598022
26/02/2016,0.0005200886214598022
29/02/2016,0.0005200886214598022
01/03/2016,0.0005200886214598022
02/03/2016,0.0005200886214598022
03/03/2016,0.0005200886214598022
04/03/2016,0.0005200886214598022
07/03/2016,0.0005200886214598022
08/03/2016,0.0005200886214598022
09/03/2016,0.0005200886214598022
10/03/2016,0.0005200886214598022
11/03/2016,0.0005200886214598022
14/03/2016,0.0005200886214598022
15/03/2016,0.0005200886214598022
16/03/2016,0.0005200886214598022
17/03/2016,0.0005200886214598022
18/03/2016,0.0005200886214598022
21/03/2016,0.0005200886214598022
22/03/2016,0.0005200886214598022
23/03/2016,0.0005200886214598022
24/03/2016,0.0005200886214598022
25/03/2016,0.0005200886214598022
28/03/2016,0.0005200886214598022
29/03/2016,0.0005200886214598022
30/03/2016,0.0005200886214598022
31/03/2016,0.0005200886214598022
01/04/2016,0.0005200886214598022
04/04/2016,0.0005200886214598022
05/04/2016,0.0005200886214598022
06/04/2016,0.0005200886214598022
07/04/2016,0.0005200886214598022
08/04/2016,0.0005200886214598022
11/04/2016,0.0005200886214598022
12/04/2016,0.0005200886214598022
13/04/2016,0.0005200886214598022
14/04/2016,0.0005200886214598022
15/04/2016,0.0005200886214598022
18/04/2016,0.0005200886214598022
19/04/2016,0.0005200886214598022
20/04/2016,0.0005200886214598022
21/04/2016,0.0005200886214598022
22/04/2016,0.0005200886214598022
25/04/2016,0.0005200886214598022
26/04/2016,0.0005200886214598022
27/04/2016,0.0005200886214598022
28/04/2016,0.0005200886214598022
29/04/2016,0.0005200886214598022
02/05/2016,0.0005200886214598022
03/05/2016,0.0005200886214598022
04/05/2016,0.0005200886214598022
05/05/2016,0.0005200886214598022
06/05/2016,0.0005200886214598022
09/05/2016,0.0005200886214598022
10/05/2016,0.0005200886214598022
11/05/2016,0.0005200886214598022
12/05/2016,0.0005200886214598022
13/05/2016,0.0005200886214598022
16/05/2016,0.0005200886214598022
17/05/2016,0.0005200886214598022
18/05/2016,0.0005200886214598022
19/05/2016,0.0005200886214598022
20/05/2016,0.0005200886214598022
23/05/2016,0.0005200886214598022
24/05/2016,0.0005200886214598022
25/05/2016,0.0005200886214598022
26/05/2016,0.0005200886214598022
27/05/2016,0.0005200886214598022
30/05/2016,0.0005200886214598022
31/05/2016,0.0005200886214598022
01/06/2016,0.0005200886214598022
02/06/2016,0.0005200886214598022
03/06/2016,0.0005200886214598022
06/06/2016,0.0005200886214598022
07/06/2016,0.0005200886214598022
08/06/2016,0.0005200886214598022
09/06/2016,0.0005200886214598022
10/06/2016,0.0005200886214598022
13/06/2016,0.0005200886214598022
14/06/2016,0.0005200886214598022
15/06/2016,0.0005200886214598022
16/06/2016,0.0005200886214598022
17/06/2016,0.0005200886214598022
20/06/2016,0.0005200886214598022
21/06/2016,0.0005200886214598022
22/06/2016,0.0005200886214598022
23/06/2016,0.0005200886214598022
24/06/2016,0.0005200886214598022
27/06/2016,0.0005200886214598022
28/06/2016,0.0005200886214598022
29/06/2016,0.0005200886214598022
30/06/2016,0.0005200886214598022
01/07/2016,0.0005200886214598022
04/07/2016,0.0005200886214598022
05/07/2016,0.0005200886214598022
06/07/2016,0.0005200886214598022
07/07/2016,0.0005200886214598022
08/07/2016,0.0005200886214598022
11/07/2016,0.0005200886214598022
12/07/2016,0.0005200886214598022
13/07/2016,0.0005200886214598022
14/07/2016,0.0005200886214598022
15/07/2016,0.0005200886214598022
18/07/2016,0.0005200886214598022
19/07/2016,0.0005200886214598022
20/07/2016,0.0005200886214598022
21/07/2016,0.0005200886214598022
22/07/2016,0.0005200886214598022
25/07/2016,0.0005200886214598022
26/07/2016,0.0005200886214598022
27/07/2016,0.0005200886214598022
28/07/2016,0.0005200886214598022
29/07/2016,0.0005200886214598022
01/08/2016,0.0005200886214598022
02/08/2016,0.0005200886214598022
03/08/2016,0.0005200886214598022
04/08/2016,0.0005200886214598022
05/08/2016,0.0005200886214598022
08/08/2016,0.0005200886214598022
09/08/2016,0.0005200886214598022
10/08/2016,0.0005200886214598022
11/08/2016,0.0005200886214598022
12/08/2016,0.0005200886214598022
15/08/2016,0.0005200886214598022
16/08/2016,0.0005200886214598022
17/08/2016,0.0005200886214598022
18/08/2016,0.0005200886214598022
19/08/2016,0.0005200886214598022
22/08/2016,0.0005200886214598022
23/08/2016,0.0005200886214598022
24/08/2016,0.0005200886214598022
25/08/2016,0.0005200886214598022
26/08/2016,0.0005200886214598022
29/08/2016,0.0005200886214598022
30/08/2016,0.0005200886214598022
31/08/2016,0.0005200886214598022
01/09/2016,0.0005200886214598022
02/09/2016,0.0005200886214598022
05/09/2016,0.0005200886214598022
06/09/2016,0.0005200886214598022
07/09/2016,0.0005200886214598022
08/09/2016,0.0005200886214598022
09/09/2016,0.0005200886214598022
12/09/2016,0.0005200886214598022
13/09/2016,0.0005200886214598022
14/09/2016,0.0005200886214598022
15/09/2016,0.0005200886214598022
16/09/2016,0.0005200886214598022
19/09/2016,0.0005200886214598022
20/09/2016,0.0005200886214598022
21/09/2016,0.0005200886214598022
22/09/2016,0.0005200886214598022
23/09/2016,0.0005200886214598022
26/09/2016,0.0005200886214598022
27/09/2016,0.0005200886214598022
28/09/2016,0.0005200886214598022
29/09/2016,0.0005200886214598022
30/09/2016,0.0005200886214598022
03/10/2016,0.0005200886214598022
04/10/2016,0.0005200886214598022
05/10/2016,0.0005200886214598022
06/10/2016,0.0005200886214598022
07/10/2016,0.0005200886214598022
10/10/2016,0.0005200886214598022
11/10/2016,0.0005200886214598022
12/10/2016,0.0005200886214598022
13/10/2016,0.0005200886214598022
14/10/2016,0.0005200886214598022
17/10/2016,0.0005200886214598022
18/10/2016,0.0005200886214598022
19/10/2016,0.0005200886214598022
20/10/2016,0.0005200886214598022
21/10/2016,0.0005200886214598022
24/10/2016,0.0005200886214598022
25/10/2016,0.0005200886214598022
26/10/2016,0.0005200886214598022
27/10/2016,0.0005200886214598022
28/10/2016,0.0005200886214598022
31/10/2016,0.0005200886214598022
01/11/2016,0.0005200886214598022
02/11/2016,0.0005200886214598022
03/11/2016,0.0005200886214598022
04/11/2016,0.0005200886214598022
07/11/2016,0.0005200886214598022
08/11/2016,0.0005200886214598022
09/11/2016,0.0005200886214598022
10/11/2016,0.0005200886214598022
11/11/2016,0.0005200886214598022
14/11/2016,0.0005200886214598022
15/11/2016,0.0005200886214598022
16/11/2016,0.0005200886214598022
17/11/2016,0.0005200886214598022
18/11/2016,0.0005200886214598022
21/11/2016,0.0005200886214598022
22/11/2016,0.0005200886214598022
23/11/2016,0.0005200886214598022
24/11/2016,0.0005200886214598022
25/11/2016,0.0005200886214598022
28/11/2016,0.0005200886214598022
29/11/2016,0.0005200886214598022
30/11/2016,0.0005200886214598022
01/12/2016,0.0005200886214598022
02/12/2016,0.0005200886214598022
05/12/2016,0.0005200886214598022
06/12/2016,0.0005200886214598022
07/12/2016,0.0005200886214598022
08/12/2016,0.0005200886214598022
09/12/2016,0.0005200886214598022
12/12/2016,0.0005200886214598022
13/12/2016,0.0005200886214598022
14/12/2016,0.0005200886214598022
15/12/2016,0.0005200886214598022
16/12/2016,0.0005200886214598022
19/12/2016,0.0005200886214598022
20/12/2016,0.0005200886214598022
21/12/2016,0.0005200886214598022
22/12/2016,0.0005200886214598022
23/12/2016,0.0005200886214598022
26/12/2016,0.0005200886214598022
27/12/2016,0.0005200886214598022
28/12/2016,0.0005200886214598022
29/12/2016,0.0005200886214598022
30/12/2016,0.0005200886214598022
02/01/2017,0.0003782865315342665
03/01/2017,0.0003782865315342665
04/01/2017,0.0003782865315342665
05/01/2017,0.0003782865315342665
06/01/2017,0.0003782865315342665
09/01/2017,0.0003782865315342665
10/01/2017,0.0003782865315342665
11/01/2017,0.0003782865315342665
12/01/2017,0.0003782865315342665
13/01/2017,0.0003782865315342665
16/01/2017,0.0003782865315342665
17/01/2017,0.0003782865315342665
18/01/2017,0.0003782865315342665
19/01/2017,0.0003782865315342665
20/01/2017,0.0003782865315342665
23/01/2017,0.0003782865315342665
24/01/2017,0.0003782865315342665
25/01/2017,0.0003782865315342665
26/01/2017,0.0003782865315342665
27/01/2017,0.0003782865315342665
30/01/2017,0.0003782865315342665
31/01/2017,0.0003782865315342665
01/02/2017,0.0003782865315342665
02/02/2017,0.0003782865315342665
03/02/2017,0.0003782865315342665
06/02/2017,0.0003782865315342665
07/02/2017,0.0003782865315342665
08/02/2017,0.0003782865315342665
09/02/2017,0.0003782865315342665
10/02/2017,0.0003782865315342665
13/02/2017,0.0003782865315342665
14/02/2017,0.0003782865315342665
15/02/2017,0.0003782865315342665
16/02/2017,0.0003782865315342665
17/02/2017,0.0003782865315342665
20/02/2017,0.0003782865315342665
21/02/2017,0.0003782865315342665
22/02/2017,0.0003782865315342665
23/02/2017,0.0003782865315342665
24/02/2017,0.0003782865315342665
27/02/2017,0.0003782865315342665
28/02/2017,0.0003782865315342665
01/03/2017,0.0003782865315342665
02/03/2017,0.0003782865315342665
03/03/2017,0.0003782865315342665
06/03/2017,0.0003782865315342665
07/03/2017,0.0003782865315342665
08/03/2017,0.0003782865315342665
09/03/2017,0.0003782865315342665
10/03/2017,0.0003782865315342665
13/03/2017,0.0003782865315342665
14/03/2017,0.0003782865315342665
15/03/2017,0.0003782865315342665
16/03/2017,0.0003782865315342665
17/03/2017,0.0003782865315342665
20/03/2017,0.0003782865315342665
21/03/2017,0.0003782865315342665
22/03/2017,0.0003782865315342665
23/03/2017,0.0003782865315342665
24/03/2017,0.0003782865315342665
27/03/2017,0.0003782865315342665
28/03/2017,0.0003782865315342665
29/03/2017,0.0003782865315342665
30/03/2017,0.0003782865315342665
31/03/2017,0.0003782865315342665
03/04/2017,0.0003782865315342665
04/04/2017,0.0003782865315342665
05/04/2017,0.0003782865315342665
06/04/2017,0.0003782865315342665
07/04/2017,0.0003782865315342665
10/04/2017,0.0003782865315342665
11/04/2017,0.0003782865315342665
12/04/2017,0.0003782865315342665
13/04/2017,0.0003782865315342665
14/04/2017,0.0003782865315342665
17/04/2017,0.0003782865315342665
18/04/2017,0.0003782865315342665
19/04/2017,0.0003782865315342665
20/04/2017,0.0003782865315342665
21/04/2017,0.0003782865315342665
24/04/2017,0.0003782865315342665
25/04/2017,0.0003782865315342665
26/04/2017,0.0003782865315342665
27/04/2017,0.0003782865315342665
28/04/2017,0.0003782865315342665
01/05/2017,0.0003782865315342665
02/05/2017,0.0003782865315342665
03/05/2017,0.0003782865315342665
04/05/2017,0.0003782865315342665
05/05/2017,0.0003782865315342665
08/05/2017,0.0003782865315342665
09/05/2017,0.0003782865315342665
10/05/2017,0.0003782865315342665
11/05/2017,0.0003782865315342665
12/05/2017,0.0003782865315342665
15/05/2017,0.0003782865315342665
16/05/2017,0.0003782865315342665
17/05/2017,0.0003782865315342665
18/05/2017,0.0003782865315342665
19/05/2017,0.0003782865315342665
22/05/2017,0.0003782865315342665
23/05/2017,0.0003782865315342665
24/05/2017,0.0003782865315342665
25/05/2017,0.0003782865315342665
26/05/2017,0.0003782865315342665
29/05/2017,0.0003782865315342665
30/05/2017,0.0003782865315342665
31/05/2017,0.0003782865315342665
01/06/2017,0.0003782865315342665
02/06/2017,0.0003782865315342665
05/06/2017,0.0003782865315342665
06/06/2017,0.0003782865315342665
07/06/2017,0.0003782865315342665
08/06/2017,0.0003782865315342665
09/06/2017,0.0003782865315342665
12/06/2017,0.0003782865315342665
13/06/2017,0.0003782865315342665
14/06/2017,0.0003782865315342665
15/06/2017,0.0003782865315342665
16/06/2017,0.0003782865315342665
19/06/2017,0.0003782865315342665
20/06/2017,0.0003782865315342665
21/06/2017,0.0003782865315342665
22/06/2017,0.0003782865315342665
23/06/2017,0.0003782865315342665
26/06/2017,0.0003782865315342665
27/06/2017,0.0003782865315342665
28/06/2017,0.0003782865315342665
29/06/2017,0.0003782865315342665
30/06/2017,0.0003782865315342665
03/07/2017,0.0003782865315342665
04/07/2017,0.0003782865315342665
05/07/2017,0.0003782865315342665
06/07/2017,0.0003782865315342665
07/07/2017,0.0003782865315342665
10/07/2017,0.0003782865315342665
11/07/2017,0.0003782865315342665
12/07/2017,0.0003782865315342665
13/07/2017,0.0003782865315342665
14/07/2017,0.0003782865315342665
17/07/2017,0.0003782865315342665
18/07/2017,0.0003782865315342665
19/07/2017,0.0003782865315342665
20/07/2017,0.0003782865315342665
21/07/2017,0.0003782865315342665
24/07/2017,0.0003782865315342665
25/07/2017,0.0003782865315342665
26/07/2017,0.0003782865315342665
27/07/2017,0.0003782865315342665
28/07/2017,0.0003782865315342665
31/07/2017,0.0003782865315342665
01/08/2017,0.0003782865315342665
02/08/2017,0.0003782865315342665
03/08/2017,0.0003782865315342665
04/08/2017,0.0003782865315342665
07/08/2017,0.0003782865315342665
08/08/2017,0.0003782865315342665
09/08/2017,0.0003782865315342665
10/08/2017,0.0003782865315342665
11/08/2017,0.0003782865315342665
14/08/2017,0.0003782865315342665
15/08/2017,0.0003782865315342665
16/08/2017,0.0003782865315342665
17/08/2017,0.0003782865315342665
18/08/2017,0.0003782865315342665
21/08/2017,0.0003782865315342665
22/08/2017,0.0003782865315342665
23/08/2017,0.0003782865315342665
24/08/2017,0.0003782865315342665
25/08/2017,0.0003782865315342665
28/08/2017,0.0003782865315342665
29/08/2017,0.0003782865315342665
30/08/2017,0.0003782865315342665
31/08/2017,0.0003782865315342665
01/09/2017,0.0003782865315342665
04/09/2017,0.0003782865315342665
05/09/2017,0.0003782865315342665
06/09/2017,0.0003782865315342665
07/09/2017,0.0003782865315342665
08/09/2017,0.0003782865315342665
11/09/2017,0.0003782865315342665
12/09/2017,0.0003782865315342665
13/09/2017,0.0003782865315342665
14/09/2017,0.0003782865315342665
15/09/2017,0.0003782865315342665
18/09/2017,0.0003782865315342665
19/09/2017,0.0003782865315342665
20/09/2017,0.0003782865315342665
21/09/2017,0.0003782865315342665
22/09/2017,0.0003782865315342665
25/09/2017,0.0003782865315342665
26/09/2017,0.0003782865315342665
27/09/2017,0.0003782865315342665
28/09/2017,0.0003782865315342665
29/09/2017,0.0003782865315342665
02/10/2017,0.0003782865315342665
03/10/2017,0.0003782865315342665
04/10/2017,0.0003782865315342665
05/10/2017,0.0003782865315342665
06/10/2017,0.0003782865315342665
09/10/2017,0.0003782865315342665
10/10/2017,0.0003782865315342665
11/10/2017,0.0003782865315342665
12/10/2017,0.0003782865315342665
13/10/2017,0.0003782865315342665
16/10/2017,0.0003782865315342665
17/10/2017,0.0003782865315342665
18/10/2017,0.0003782865315342665
19/10/2017,0.0003782865315342665
20/10/2017,0.0003782865315342665
23/10/2017,0.0003782865315342665
24/10/2017,0.0003782865315342665
25/10/2017,0.0003782865315342665
26/10/2017,0.0003782865315342665
27/10/2017,0.0003782865315342665
30/10/2017,0.0003782865315342665
31/10/2017,0.0003782865315342665
01/11/2017,0.0003782865315342665
02/11/2017,0.0003782865315342665
03/11/2017,0.0003782865315342665
06/11/2017,0.0003782865315342665
07/11/2017,0.0003782865315342665
08/11/2017,0.0003782865315342665
09/11/2017,0.0003782865315342665
10/11/2017,0.0003782865315342665
13/11/2017,0.0003782865315342665
14/11/2017,0.0003782865315342665
15/11/2017,0.0003782865315342665
16/11/2017,0.0003782865315342665
17/11/2017,0.0003782865315342665
20/11/2017,0.0003782865315342665
21/11/2017,0.0003782865315342665
22/11/2017,0.0003782865315342665
23/11/2017,0.0003782865315342665
24/11/2017,0.0003782865315342665
27/11/2017,0.0003782865315342665
28/11/2017,0.0003782865315342665
29/11/2017,0.0003782865315342665
30/11/2017,0.0003782865315342665
01/12/2017,0.0003782865315342665
04/12/2017,0.0003782865315342665
05/12/2017,0.0003782865315342665
06/12/2017,0.0003782865315342665
07/12/2017,0.0003782865315342665
08/12/2017,0.0003782865315342665
11/12/2017,0.0003782865315342665
12/12/2017,0.0003782865315342665
13/12/2017,0.0003782865315342665
14/12/2017,0.0003782865315342665
15/12/2017,0.0003782865315342665
18/12/2017,0.0003782865315342665
19/12/2017,0.0003782865315342665
20/12/2017,0.0003782865315342665
21/12/2017,0.0003782865315342665
22/12/2017,0.0003782865315342665
25/12/2017,0.0003782865315342665
26/12/2017,0.0003782865315342665
27/12/2017,0.0003782865315342665
28/12/2017,0.0003782865315342665
29/12/2017,0.0003782865315342665
01/01/2018,0.00024993122427763304
02/01/2018,0.00024993122427763304
03/01/2018,0.00024993122427763304
04/01/2018,0.00024993122427763304
05/01/2018,0.00024993122427763304
08/01/2018,0.00024993122427763304
09/01/2018,0.00024993122427763304
10/01/2018,0.00024993122427763304
11/01/2018,0.00024993122427763304
12/01/2018,0.00024993122427763304
15/01/2018,0.00024993122427763304
16/01/2018,0.00024993122427763304
17/01/2018,0.00024993122427763304
18/01/2018,0.00024993122427763304
19/01/2018,0.00024993122427763304
22/01/2018,0.00024993122427763304
23/01/2018,0.00024993122427763304
24/01/2018,0.00024993122427763304
25/01/2018,0.00024993122427763304
26/01/2018,0.00024993122427763304
29/01/2018,0.00024993122427763304
30/01/2018,0.00024993122427763304
31/01/2018,0.00024993122427763304
01/02/2018,0.00024993122427763304
02/02/2018,0.00024993122427763304
05/02/2018,0.00024993122427763304
06/02/2018,0.00024993122427763304
07/02/2018,0.00024993122427763304
08/02/2018,0.00024993122427763304
09/02/2018,0.00024993122427763304
12/02/2018,0.00024993122427763304
13/02/2018,0.00024993122427763304
14/02/2018,0.00024993122427763304
15/02/2018,0.00024993122427763304
16/02/2018,0.00024993122427763304
19/02/2018,0.00024993122427763304
20/02/2018,0.00024993122427763304
21/02/2018,0.00024993122427763304
22/02/2018,0.00024993122427763304
23/02/2018,0.00024993122427763304
26/02/2018,0.00024993122427763304
27/02/2018,0.00024993122427763304
28/02/2018,0.00024993122427763304
01/03/2018,0.00024993122427763304
02/03/2018,0.00024993122427763304
05/03/2018,0.00024993122427763304
06/03/2018,0.00024993122427763304
07/03/2018,0.00024993122427763304
08/03/2018,0.00024993122427763304
09/03/2018,0.00024993122427763304
12/03/2018,0.00024993122427763304
13/03/2018,0.00024993122427763304
14/03/2018,0.00024993122427763304
15/03/2018,0.00024993122427763304
16/03/2018,0.00024993122427763304
19/03/2018,0.00024993122427763304
20/03/2018,0.00024993122427763304
21/03/2018,0.00024993122427763304
22/03/2018,0.00024993122427763304
23/03/2018,0.00024993122427763304
26/03/2018,0.00024993122427763304
27/03/2018,0.00024993122427763304
28/03/2018,0.00024993122427763304
29/03/2018,0.00024993122427763304
30/03/2018,0.00024993122427763304
02/04/2018,0.00024993122427763304
03/04/2018,0.00024993122427763304
04/04/2018,0.00024993122427763304
05/04/2018,0.00024993122427763304
06/04/2018,0.00024993122427763304
09/04/2018,0.00024993122427763304
10/04/2018,0.00024993122427763304
11/04/2018,0.00024993122427763304
12/04/2018,0.00024993122427763304
13/04/2018,0.00024993122427763304
16/04/2018,0.00024993122427763304
17/04/2018,0.00024993122427763304
18/04/2018,0.00024993122427763304
19/04/2018,0.00024993122427763304
20/04/2018,0.00024993122427763304
23/04/2018,0.00024993122427763304
24/04/2018,0.00024993122427763304
25/04/2018,0.00024993122427763304
26/04/2018,0.00024993122427763304
27/04/2018,0.00024993122427763304
30/04/2018,0.00024993122427763304
01/05/2018,0.00024993122427763304
02/05/2018,0.00024993122427763304
03/05/2018,0.00024993122427763304
04/05/2018,0.00024993122427763304
07/05/2018,0.00024993122427763304
08/05/2018,0.00024993122427763304
09/05/2018,0.00024993122427763304
10/05/2018,0.00024993122427763304
11/05/2018,0.00024993122427763304
14/05/2018,0.00024993122427763304
15/05/2018,0.00024993122427763304
16/05/2018,0.00024993122427763304
17/05/2018,0.00024993122427763304
18/05/2018,0.00024993122427763304
21/05/2018,0.00024993122427763304
22/05/2018,0.00024993122427763304
23/05/2018,0.00024993122427763304
24/05/2018,0.00024993122427763304
25/05/2018,0.00024993122427763304
28/05/2018,0.00024993122427763304
29/05/2018,0.00024993122427763304
30/05/2018,0.00024993122427763304
31/05/2018,0.00024993122427763304
01/06/2018,0.00024993122427763304
04/06/2018,0.00024993122427763304
05/06/2018,0.00024993122427763304
06/06/2018,0.00024993122427763304
07/06/2018,0.00024993122427763304
08/06/2018,0.00024993122427763304
11/06/2018,0.00024993122427763304
12/06/2018,0.00024993122427763304
13/06/2018,0.00024993122427763304
14/06/2018,0.00024993122427763304
15/06/2018,0.00024993122427763304
18/06/2018,0.00024993122427763304
19/06/2018,0.00024993122427763304
20/06/2018,0.00024993122427763304
21/06/2018,0.00024993122427763304
22/06/2018,0.00024993122427763304
25/06/2018,0.00024993122427763304
26/06/2018,0.00024993122427763304
27/06/2018,0.00024993122427763304
28/06/2018,0.00024993122427763304
29/06/2018,0.00024993122427763304
02/07/2018,0.00024993122427763304
03/07/2018,0.00024993122427763304
04/07/2018,0.00024993122427763304
05/07/2018,0.00024993122427763304
06/07/2018,0.00024993122427763304
09/07/2018,0.00024993122427763304
10/07/2018,0.00024993122427763304
11/07/2018,0.00024993122427763304
12/07/2018,0.00024993122427763304
13/07/2018,0.00024993122427763304
16/07/2018,0.00024993122427763304
17/07/2018,0.00024993122427763304
18/07/2018,0.00024993122427763304
19/07/2018,0.00024993122427763304
20/07/2018,0.00024993122427763304
23/07/2018,0.00024993122427763304
24/07/2018,0.00024993122427763304
25/07/2018,0.00024993122427763304
26/07/2018,0.00024993122427763304
27/07/2018,0.00024993122427763304
30/07/2018,0.00024993122427763304
31/07/2018,0.00024993122427763304
01/08/2018,0.00024993122427763304
02/08/2018,0.00024993122427763304
03/08/2018,0.00024993122427763304
06/08/2018,0.00024993122427763304
07/08/2018,0.00024993122427763304
08/08/2018,0.00024993122427763304
09/08/2018,0.00024993122427763304
10/08/2018,0.00024993122427763304
13/08/2018,0.00024993122427763304
14/08/2018,0.00024993122427763304
15/08/2018,0.00024993122427763304
16/08/2018,0.00024993122427763304
17/08/2018,0.00024993122427763304
20/08/2018,0.00024993122427763304
21/08/2018,0.00024993122427763304
22/08/2018,0.00024993122427763304
23/08/2018,0.00024993122427763304
24/08/2018,0.00024993122427763304
27/08/2018,0.00024993122427763304
28/08/2018,0.00024993122427763304
29/08/2018,0.00024993122427763304
30/08/2018,0.00024993122427763304
31/08/2018,0.00024993122427763304
03/09/2018,0.00024993122427763304
04/09/2018,0.00024993122427763304
05/09/2018,0.00024993122427763304
06/09/2018,0.00024993122427763304
07/09/2018,0.00024993122427763304
10/09/2018,0.00024993122427763304
11/09/2018,0.00024993122427763304
12/09/2018,0.00024993122427763304
13/09/2018,0.00024993122427763304
14/09/2018,0.00024993122427763304
17/09/2018,0.00024993122427763304
18/09/2018,0.00024993122427763304
19/09/2018,0.00024993122427763304
20/09/2018,0.00024993122427763304
21/09/2018,0.00024993122427763304
24/09/2018,0.00024993122427763304
25/09/2018,0.00024993122427763304
26/09/2018,0.00024993122427763304
27/09/2018,0.00024993122427763304
28/09/2018,0.00024993122427763304
01/10/2018,0.00024993122427763304
02/10/2018,0.00024993122427763304
03/10/2018,0.00024993122427763304
04/10/2018,0.00024993122427763304
05/10/2018,0.00024993122427763304
08/10/2018,0.00024993122427763304
09/10/2018,0.00024993122427763304
10/10/2018,0.00024993122427763304
11/10/2018,0.00024993122427763304
12/10/2018,0.00024993122427763304
15/10/2018,0.00024993122427763304
16/10/2018,0.00024993122427763304
17/10/2018,0.00024993122427763304
18/10/2018,0.00024993122427763304
19/10/2018,0.00024993122427763304
22/10/2018,0.00024993122427763304
23/10/2018,0.00024993122427763304
24/10/2018,0.00024993122427763304
25/10/2018,0.00024993122427763304
26/10/2018,0.00024993122427763304
29/10/2018,0.00024993122427763304
30/10/2018,0.00024993122427763304
31/10/2018,0.00024993122427763304
01/11/2018,0.00024993122427763304
02/11/2018,0.00024993122427763304
05/11/2018,0.00024993122427763304
06/11/2018,0.00024993122427763304
07/11/2018,0.00024993122427763304
08/11/2018,0.00024993122427763304
09/11/2018,0.00024993122427763304
12/11/2018,0.00024993122427763304
13/11/2018,0.00024993122427763304
14/11/2018,0.00024993122427763304
15/11/2018,0.00024993122427763304
16/11/2018,0.00024993122427763304
19/11/2018,0.00024993122427763304
20/11/2018,0.00024993122427763304
21/11/2018,0.00024993122427763304
22/11/2018,0.00024993122427763304
23/11/2018,0.00024993122427763304
26/11/2018,0.00024993122427763304
27/11/2018,0.00024993122427763304
28/11/2018,0.00024993122427763304
29/11/2018,0.00024993122427763304
30/11/2018,0.00024993122427763304
03/12/2018,0.00024993122427763304
04/12/2018,0.00024993122427763304
05/12/2018,0.00024993122427763304
06/12/2018,0.00024993122427763304
07/12/2018,0.00024993122427763304
10/12/2018,0.00024993122427763304
11/12/2018,0.00024993122427763304
12/12/2018,0.00024993122427763304
13/12/2018,0.00024993122427763304
14/12/2018,0.00024993122427763304
17/12/2018,0.00024993122427763304
18/12/2018,0.00024993122427763304
19/12/2018,0.00024993122427763304
20/12/2018,0.00024993122427763304
21/12/2018,0.00024993122427763304
24/12/2018,0.00024993122427763304
25/12/2018,0.00024993122427763304
26/12/2018,0.00024993122427763304
27/12/2018,0.00024993122427763304
28/12/2018,0.00024993122427763304
31/12/2018,0.00024993122427763304
01/01/2019,0.00023125256064071564
02/01/2019,0.00023125256064071564
03/01/2019,0.00023125256064071564
04/01/2019,0.00023125256064071564
07/01/2019,0.00023125256064071564
08/01/2019,0.00023125256064071564
09/01/2019,0.00023125256064071564
10/01/2019,0.00023125256064071564
11/01/2019,0.00023125256064071564
14/01/2019,0.00023125256064071564
15/01/2019,0.00023125256064071564
16/01/2019,0.00023125256064071564
17/01/2019,0.00023125256064071564
18/01/2019,0.00023125256064071564
21/01/2019,0.00023125256064071564
22/01/2019,0.00023125256064071564
23/01/2019,0.00023125256064071564
24/01/2019,0.00023125256064071564
25/01/2019,0.00023125256064071564
28/01/2019,0.00023125256064071564
29/01/2019,0.00023125256064071564
30/01/2019,0.00023125256064071564
31/01/2019,0.00023125256064071564
01/02/2019,0.00023125256064071564
04/02/2019,0.00023125256064071564
05/02/2019,0.00023125256064071564
06/02/2019,0.00023125256064071564
07/02/2019,0.00023125256064071564
08/02/2019,0.00023125256064071564
11/02/2019,0.00023125256064071564
12/02/2019,0.00023125256064071564
13/02/2019,0.00023125256064071564
14/02/2019,0.00023125256064071564
15/02/2019,0.00023125256064071564
18/02/2019,0.00023125256064071564
19/02/2019,0.00023125256064071564
20/02/2019,0.00023125256064071564
21/02/2019,0.00023125256064071564
22/02/2019,0.00023125256064071564
25/02/2019,0.00023125256064071564
26/02/2019,0.00023125256064071564
27/02/2019,0.00023125256064071564
28/02/2019,0.00023125256064071564
01/03/2019,0.00023125256064071564
04/03/2019,0.00023125256064071564
05/03/2019,0.00023125256064071564
06/03/2019,0.00023125256064071564
07/03/2019,0.00023125256064071564
08/03/2019,0.00023125256064071564
11/03/2019,0.00023125256064071564
12/03/2019,0.00023125256064071564
13/03/2019,0.00023125256064071564
14/03/2019,0.00023125256064071564
15/03/2019,0.00023125256064071564
18/03/2019,0.00023125256064071564
19/03/2019,0.00023125256064071564
20/03/2019,0.00023125256064071564
21/03/2019,0.00023125256064071564
22/03/2019,0.00023125256064071564
25/03/2019,0.00023125256064071564
26/03/2019,0.00023125256064071564
27/03/2019,0.00023125256064071564
28/03/2019,0.00023125256064071564
29/03/2019,0.00023125256064071564
01/04/2019,0.00023125256064071564
02/04/2019,0.00023125256064071564
03/04/2019,0.00023125256064071564
04/04/2019,0.00023125256064071564
05/04/2019,0.00023125256064071564
08/04/2019,0.00023125256064071564
09/04/2019,0.00023125256064071564
10/04/2019,0.00023125256064071564
11/04/2019,0.00023125256064071564
12/04/2019,0.00023125256064071564
15/04/2019,0.00023125256064071564
16/04/2019,0.00023125256064071564
17/04/2019,0.00023125256064071564
18/04/2019,0.00023125256064071564
19/04/2019,0.00023125256064071564
22/04/2019,0.00023125256064071564
23/04/2019,0.00023125256064071564
24/04/2019,0.00023125256064071564
25/04/2019,0.00023125256064071564
26/04/2019,0.00023125256064071564
29/04/2019,0.00023125256064071564
30/04/2019,0.00023125256064071564
01/05/2019,0.00023125256064071564
02/05/2019,0.00023125256064071564
03/05/2019,0.00023125256064071564
06/05/2019,0.00023125256064071564
07/05/2019,0.00023125256064071564
08/05/2019,0.00023125256064071564
09/05/2019,0.00023125256064071564
10/05/2019,0.00023125256064071564
13/05/2019,0.00023125256064071564
14/05/2019,0.00023125256064071564
15/05/2019,0.00023125256064071564
16/05/2019,0.00023125256064071564
17/05/2019,0.00023125256064071564
20/05/2019,0.00023125256064071564
21/05/2019,0.00023125256064071564
22/05/2019,0.00023125256064071564
23/05/2019,0.00023125256064071564
24/05/2019,0.00023125256064071564
27/05/2019,0.00023125256064071564
28/05/2019,0.00023125256064071564
29/05/2019,0.00023125256064071564
30/05/2019,0.00023125256064071564
31/05/2019,0.00023125256064071564
03/06/2019,0.00023125256064071564
04/06/2019,0.00023125256064071564
05/06/2019,0.00023125256064071564
06/06/2019,0.00023125256064071564
07/06/2019,0.00023125256064071564
10/06/2019,0.00023125256064071564
11/06/2019,0.00023125256064071564
12/06/2019,0.00023125256064071564
13/06/2019,0.00023125256064071564
14/06/2019,0.00023125256064071564
17/06/2019,0.00023125256064071564
18/06/2019,0.00023125256064071564
19/06/2019,0.00023125256064071564
20/06/2019,0.00023125256064071564
21/06/2019,0.00023125256064071564
24/06/2019,0.00023125256064071564
25/06/2019,0.00023125256064071564
26/06/2019,0.00023125256064071564
27/06/2019,0.00023125256064071564
28/06/2019,0.00023125256064071564
01/07/2019,0.00023125256064071564
02/07/2019,0.00023125256064071564
03/07/2019,0.00023125256064071564
04/07/2019,0.00023125256064071564
05/07/2019,0.00023125256064071564
08/07/2019,0.00023125256064071564
09/07/2019,0.00023125256064071564
10/07/2019,0.00023125256064071564
11/07/2019,0.00023125256064071564
12/07/2019,0.00023125256064071564
15/07/2019,0.00023125256064071564
16/07/2019,0.00023125256064071564
17/07/2019,0.00023125256064071564
18/07/2019,0.00023125256064071564
19/07/2019,0.00023125256064071564
22/07/2019,0.00023125256064071564
23/07/2019,0.00023125256064071564
24/07/2019,0.00023125256064071564
25/07/2019,0.00023125256064071564
26/07/2019,0.00023125256064071564
29/07/2019,0.00023125256064071564
30/07/2019,0.00023125256064071564
31/07/2019,0.00023125256064071564
01/08/2019,0.00023125256064071564
02/08/2019,0.00023125256064071564
05/08/2019,0.00023125256064071564
06/08/2019,0.00023125256064071564
07/08/2019,0.00023125256064071564
08/08/2019,0.00023125256064071564
09/08/2019,0.00023125256064071564
12/08/2019,0.00023125256064071564
13/08/2019,0.00023125256064071564
14/08/2019,0.00023125256064071564
15/08/2019,0.00023125256064071564
16/08/2019,0.00023125256064071564
19/08/2019,0.00023125256064071564
20/08/2019,0.00023125256064071564
21/08/2019,0.00023125256064071564
22/08/2019,0.00023125256064071564
23/08/2019,0.00023125256064071564
26/08/2019,0.00023125256064071564
27/08/2019,0.00023125256064071564
28/08/2019,0.00023125256064071564
29/08/2019,0.00023125256064071564
30/08/2019,0.00023125256064071564
02/09/2019,0.00023125256064071564
03/09/2019,0.00023125256064071564
04/09/2019,0.00023125256064071564
05/09/2019,0.00023125256064071564
06/09/2019,0.00023125256064071564
09/09/2019,0.00023125256064071564
10/09/2019,0.00023125256064071564
11/09/2019,0.00023125256064071564
12/09/2019,0.00023125256064071564
13/09/2019,0.00023125256064071564
16/09/2019,0.00023125256064071564
17/09/2019,0.00023125256064071564
18/09/2019,0.00023125256064071564
19/09/2019,0.00023125256064071564
20/09/2019,0.00023125256064071564
23/09/2019,0.00023125256064071564
24/09/2019,0.00023125256064071564
25/09/2019,0.00023125256064071564
26/09/2019,0.00023125256064071564
27/09/2019,0.00023125256064071564
30/09/2019,0.00023125256064071564
01/10/2019,0.00023125256064071564
02/10/2019,0.00023125256064071564
03/10/2019,0.00023125256064071564
04/10/2019,0.00023125256064071564
07/10/2019,0.00023125256064071564
08/10/2019,0.00023125256064071564
09/10/2019,0.00023125256064071564
10/10/2019,0.00023125256064071564
11/10/2019,0.00023125256064071564
14/10/2019,0.00023125256064071564
15/10/2019,0.00023125256064071564
16/10/2019,0.00023125256064071564
17/10/2019,0.00023125256064071564
18/10/2019,0.00023125256064071564
21/10/2019,0.00023125256064071564
22/10/2019,0.00023125256064071564
23/10/2019,0.00023125256064071564
24/10/2019,0.00023125256064071564
25/10/2019,0.00023125256064071564
28/10/2019,0.00023125256064071564
29/10/2019,0.00023125256064071564
30/10/2019,0.00023125256064071564
31/10/2019,0.00023125256064071564
01/11/2019,0.00023125256064071564
04/11/2019,0.00023125256064071564
05/11/2019,0.00023125256064071564
06/11/2019,0.00023125256064071564
07/11/2019,0.00023125256064071564
08/11/2019,0.00023125256064071564
11/11/2019,0.00023125256064071564
12/11/2019,0.00023125256064071564
13/11/2019,0.00023125256064071564
14/11/2019,0.00023125256064071564
15/11/2019,0.00023125256064071564
18/11/2019,0.00023125256064071564
19/11/2019,0.00023125256064071564
20/11/2019,0.00023125256064071564
21/11/2019,0.00023125256064071564
22/11/2019,0.00023125256064071564
25/11/2019,0.00023125256064071564
26/11/2019,0.00023125256064071564
27/11/2019,0.00023125256064071564
28/11/2019,0.00023125256064071564
29/11/2019,0.00023125256064071564
02/12/2019,0.00023125256064071564
03/12/2019,0.00023125256064071564
04/12/2019,0.00023125256064071564
05/12/2019,0.00023125256064071564
06/12/2019,0.00023125256064071564
09/12/2019,0.00023125256064071564
10/12/2019,0.00023125256064071564
11/12/2019,0.00023125256064071564
12/12/2019,0.00023125256064071564
13/12/2019,0.00023125256064071564
16/12/2019,0.00023125256064071564
17/12/2019,0.00023125256064071564
18/12/2019,0.00023125256064071564
19/12/2019,0.00023125256064071564
20/12/2019,0.00023125256064071564
23/12/2019,0.00023125256064071564
24/12/2019,0.00023125256064071564
25/12/2019,0.00023125256064071564
26/12/2019,0.00023125256064071564
27/12/2019,0.00023125256064071564
30/12/2019,0.00023125256064071564
31/12/2019,0.00023125256064071564
01/01/2020,0.00010765923685651657
02/01/2020,0.00010765923685651657
03/01/2020,0.00010765923685651657
06/01/2020,0.00010765923685651657
07/01/2020,0.00010765923685651657
08/01/2020,0.00010765923685651657
09/01/2020,0.00010765923685651657
10/01/2020,0.00010765923685651657
13/01/2020,0.00010765923685651657
14/01/2020,0.00010765923685651657
15/01/2020,0.00010765923685651657
16/01/2020,0.00010765923685651657
17/01/2020,0.00010765923685651657
20/01/2020,0.00010765923685651657
21/01/2020,0.00010765923685651657
22/01/2020,0.00010765923685651657
23/01/2020,0.00010765923685651657
24/01/2020,0.00010765923685651657
27/01/2020,0.00010765923685651657
28/01/2020,0.00010765923685651657
29/01/2020,0.00010765923685651657
30/01/2020,0.00010765923685651657
31/01/2020,0.00010765923685651657
03/02/2020,0.00010765923685651657
04/02/2020,0.00010765923685651657
05/02/2020,0.00010765923685651657
06/02/2020,0.00010765923685651657
07/02/2020,0.00010765923685651657
10/02/2020,0.00010765923685651657
11/02/2020,0.00010765923685651657
12/02/2020,0.00010765923685651657
13/02/2020,0.00010765923685651657
14/02/2020,0.00010765923685651657
17/02/2020,0.00010765923685651657
18/02/2020,0.00010765923685651657
19/02/2020,0.00010765923685651657
20/02/2020,0.00010765923685651657
21/02/2020,0.00010765923685651657
24/02/2020,0.00010765923685651657
25/02/2020,0.00010765923685651657
26/02/2020,0.00010765923685651657
27/02/2020,0.00010765923685651657
28/02/2020,0.00010765923685651657
02/03/2020,0.00010765923685651657
03/03/2020,0.00010765923685651657
04/03/2020,0.00010765923685651657
05/03/2020,0.00010765923685651657
06/03/2020,0.00010765923685651657
09/03/2020,0.00010765923685651657
10/03/2020,0.00010765923685651657
11/03/2020,0.00010765923685651657
12/03/2020,0.00010765923685651657
13/03/2020,0.00010765923685651657
16/03/2020,0.00010765923685651657
17/03/2020,0.00010765923685651657
18/03/2020,0.00010765923685651657
19/03/2020,0.00010765923685651657
20/03/2020,0.00010765923685651657
23/03/2020,0.00010765923685651657
24/03/2020,0.00010765923685651657
25/03/2020,0.00010765923685651657
26/03/2020,0.00010765923685651657
27/03/2020,0.00010765923685651657
30/03/2020,0.00010765923685651657
31/03/2020,0.00010765923685651657
01/04/2020,0.00010765923685651657
02/04/2020,0.00010765923685651657
03/04/2020,0.00010765923685651657
06/04/2020,0.00010765923685651657
07/04/2020,0.00010765923685651657
08/04/2020,0.00010765923685651657
09/04/2020,0.00010765923685651657
10/04/2020,0.00010765923685651657
13/04/2020,0.00010765923685651657
14/04/2020,0.00010765923685651657
15/04/2020,0.00010765923685651657
16/04/2020,0.00010765923685651657
17/04/2020,0.00010765923685651657
20/04/2020,0.00010765923685651657
21/04/2020,0.00010765923685651657
22/04/2020,0.00010765923685651657
23/04/2020,0.00010765923685651657
24/04/2020,0.00010765923685651657
27/04/2020,0.00010765923685651657
28/04/2020,0.00010765923685651657
29/04/2020,0.00010765923685651657
30/04/2020,0.00010765923685651657
01/05/2020,0.00010765923685651657
04/05/2020,0.00010765923685651657
05/05/2020,0.00010765923685651657
06/05/2020,0.00010765923685651657
07/05/2020,0.00010765923685651657
08/05/2020,0.00010765923685651657
11/05/2020,0.00010765923685651657
12/05/2020,0.00010765923685651657
13/05/2020,0.00010765923685651657
14/05/2020,0.00010765923685651657
15/05/2020,0.00010765923685651657
18/05/2020,0.00010765923685651657
19/05/2020,0.00010765923685651657
20/05/2020,0.00010765923685651657
21/05/2020,0.00010765923685651657
22/05/2020,0.00010765923685651657
25/05/2020,0.00010765923685651657
26/05/2020,0.00010765923685651657
27/05/2020,0.00010765923685651657
28/05/2020,0.00010765923685651657
29/05/2020,0.00010765923685651657
01/06/2020,0.00010765923685651657
02/06/2020,0.00010765923685651657
03/06/2020,0.00010765923685651657
04/06/2020,0.00010765923685651657
05/06/2020,0.00010765923685651657
08/06/2020,0.00010765923685651657
09/06/2020,0.00010765923685651657
10/06/2020,0.00010765923685651657
11/06/2020,0.00010765923685651657
12/06/2020,0.00010765923685651657
15/06/2020,0.00010765923685651657
16/06/2020,0.00010765923685651657
17/06/2020,0.00010765923685651657
18/06/2020,0.00010765923685651657
19/06/2020,0.00010765923685651657
22/06/2020,0.00010765923685651657
23/06/2020,0.00010765923685651657
24/06/2020,0.00010765923685651657
25/06/2020,0.00010765923685651657
26/06/2020,0.00010765923685651657
29/06/2020,0.00010765923685651657
30/06/2020,0.00010765923685651657
01/07/2020,0.00010765923685651657
02/07/2020,0.00010765923685651657
03/07/2020,0.00010765923685651657
06/07/2020,0.00010765923685651657
07/07/2020,0.00010765923685651657
08/07/2020,0.00010765923685651657
09/07/2020,0.00010765923685651657
10/07/2020,0.00010765923685651657
13/07/2020,0.00010765923685651657
14/07/2020,0.00010765923685651657
15/07/2020,0.00010765923685651657
16/07/2020,0.00010765923685651657
17/07/2020,0.00010765923685651657
20/07/2020,0.00010765923685651657
21/07/2020,0.00010765923685651657
22/07/2020,0.00010765923685651657
23/07/2020,0.00010765923685651657
24/07/2020,0.00010765923685651657
27/07/2020,0.00010765923685651657
28/07/2020,0.00010765923685651657
29/07/2020,0.00010765923685651657
30/07/2020,0.00010765923685651657
31/07/2020,0.00010765923685651657
03/08/2020,0.00010765923685651657
04/08/2020,0.00010765923685651657
05/08/2020,0.00010765923685651657
06/08/2020,0.00010765923685651657
07/08/2020,0.00010765923685651657
10/08/2020,0.00010765923685651657
11/08/2020,0.00010765923685651657
12/08/2020,0.00010765923685651657
13/08/2020,0.00010765923685651657
14/08/2020,0.00010765923685651657
17/08/2020,0.00010765923685651657
18/08/2020,0.00010765923685651657
19/08/2020,0.00010765923685651657
20/08/2020,0.00010765923685651657
21/08/2020,0.00010765923685651657
24/08/2020,0.00010765923685651657
25/08/2020,0.00010765923685651657
26/08/2020,0.00010765923685651657
27/08/2020,0.00010765923685651657
28/08/2020,0.00010765923685651657
31/08/2020,0.00010765923685651657
01/09/2020,0.00010765923685651657
02/09/2020,0.00010765923685651657
03/09/2020,0.00010765923685651657
04/09/2020,0.00010765923685651657
07/09/2020,0.00010765923685651657
08/09/2020,0.00010765923685651657
09/09/2020,0.00010765923685651657
10/09/2020,0.00010765923685651657
11/09/2020,0.00010765923685651657
14/09/2020,0.00010765923685651657
15/09/2020,0.00010765923685651657
16/09/2020,0.00010765923685651657
17/09/2020,0.00010765923685651657
18/09/2020,0.00010765923685651657
21/09/2020,0.00010765923685651657
22/09/2020,0.00010765923685651657
23/09/2020,0.00010765923685651657
24/09/2020,0.00010765923685651657
25/09/2020,0.00010765923685651657
28/09/2020,0.00010765923685651657
29/09/2020,0.00010765923685651657
30/09/2020,0.00010765923685651657
01/10/2020,0.00010765923685651657
02/10/2020,0.00010765923685651657
05/10/2020,0.00010765923685651657
06/10/2020,0.00010765923685651657
07/10/2020,0.00010765923685651657
08/10/2020,0.00010765923685651657
09/10/2020,0.00010765923685651657
12/10/2020,0.00010765923685651657
13/10/2020,0.00010765923685651657
14/10/2020,0.00010765923685651657
15/10/2020,0.00010765923685651657
16/10/2020,0.00010765923685651657
19/10/2020,0.00010765923685651657
20/10/2020,0.00010765923685651657
21/10/2020,0.00010765923685651657
22/10/2020,0.00010765923685651657
23/10/2020,0.00010765923685651657
26/10/2020,0.00010765923685651657
27/10/2020,0.00010765923685651657
28/10/2020,0.00010765923685651657
29/10/2020,0.00010765923685651657
30/10/2020,0.00010765923685651657
02/11/2020,0.00010765923685651657
03/11/2020,0.00010765923685651657
04/11/2020,0.00010765923685651657
05/11/2020,0.00010765923685651657
06/11/2020,0.00010765923685651657
09/11/2020,0.00010765923685651657
10/11/2020,0.00010765923685651657
11/11/2020,0.00010765923685651657
12/11/2020,0.00010765923685651657
13/11/2020,0.00010765923685651657
16/11/2020,0.00010765923685651657
17/11/2020,0.00010765923685651657
18/11/2020,0.00010765923685651657
19/11/2020,0.00010765923685651657
20/11/2020,0.00010765923685651657
23/11/2020,0.00010765923685651657
24/11/2020,0.00010765923685651657
25/11/2020,0.00010765923685651657
26/11/2020,0.00010765923685651657
27/11/2020,0.00010765923685651657
30/11/2020,0.00010765923685651657
01/12/2020,0.00010765923685651657
02/12/2020,0.00010765923685651657
03/12/2020,0.00010765923685651657
04/12/2020,0.00010765923685651657
07/12/2020,0.00010765923685651657
08/12/2020,0.00010765923685651657
09/12/2020,0.00010765923685651657
10/12/2020,0.00010765923685651657
11/12/2020,0.00010765923685651657
14/12/2020,0.00010765923685651657
15/12/2020,0.00010765923685651657
16/12/2020,0.00010765923685651657
17/12/2020,0.00010765923685651657
18/12/2020,0.00010765923685651657
21/12/2020,0.00010765923685651657
22/12/2020,0.00010765923685651657
23/12/2020,0.00010765923685651657
24/12/2020,0.00010765923685651657
25/12/2020,0.00010765923685651657
28/12/2020,0.00010765923685651657
29/12/2020,0.00010765923685651657
30/12/2020,0.00010765923685651657
31/12/2020,0.00010765923685651657
01/01/2021,0.00017468543594945096
04/01/2021,0.00017468543594945096
05/01/2021,0.00017468543594945096
06/01/2021,0.00017468543594945096
07/01/2021,0.00017468543594945096
08/01/2021,0.00017468543594945096
11/01/2021,0.00017468543594945096
12/01/2021,0.00017468543594945096
13/01/2021,0.00017468543594945096
14/01/2021,0.00017468543594945096
15/01/2021,0.00017468543594945096
18/01/2021,0.00017468543594945096
19/01/2021,0.00017468543594945096
20/01/2021,0.00017468543594945096
21/01/2021,0.00017468543594945096
22/01/2021,0.00017468543594945096
25/01/2021,0.00017468543594945096
26/01/2021,0.00017468543594945096
27/01/2021,0.00017468543594945096
28/01/2021,0.00017468543594945096
29/01/2021,0.00017468543594945096
01/02/2021,0.00017468543594945096
02/02/2021,0.00017468543594945096
03/02/2021,0.00017468543594945096
04/02/2021,0.00017468543594945096
05/02/2021,0.00017468543594945096
08/02/2021,0.00017468543594945096
09/02/2021,0.00017468543594945096
10/02/2021,0.00017468543594945096
11/02/2021,0.00017468543594945096
12/02/2021,0.00017468543594945096
15/02/2021,0.00017468543594945096
16/02/2021,0.00017468543594945096
17/02/2021,0.00017468543594945096
18/02/2021,0.00017468543594945096
19/02/2021,0.00017468543594945096
22/02/2021,0.00017468543594945096
23/02/2021,0.00017468543594945096
24/02/2021,0.00017468543594945096
25/02/2021,0.00017468543594945096
26/02/2021,0.00017468543594945096
01/03/2021,0.00017468543594945096
02/03/2021,0.00017468543594945096
03/03/2021,0.00017468543594945096
04/03/2021,0.00017468543594945096
05/03/2021,0.00017468543594945096
08/03/2021,0.00017468543594945096
09/03/2021,0.00017468543594945096
10/03/2021,0.00017468543594945096
11/03/2021,0.00017468543594945096
12/03/2021,0.00017468543594945096
15/03/2021,0.00017468543594945096
16/03/2021,0.00017468543594945096
17/03/2021,0.00017468543594945096
18/03/2021,0.00017468543594945096
19/03/2021,0.00017468543594945096
22/03/2021,0.00017468543594945096
23/03/2021,0.00017468543594945096
24/03/2021,0.00017468543594945096
25/03/2021,0.00017468543594945096
26/03/2021,0.00017468543594945096
29/03/2021,0.00017468543594945096
30/03/2021,0.00017468543594945096
31/03/2021,0.00017468543594945096
01/04/2021,0.00017468543594945096
02/04/2021,0.00017468543594945096
05/04/2021,0.00017468543594945096
06/04/2021,0.00017468543594945096
07/04/2021,0.00017468543594945096
08/04/2021,0.00017468543594945096
09/04/2021,0.00017468543594945096
12/04/2021,0.00017468543594945096
13/04/2021,0.00017468543594945096
14/04/2021,0.00017468543594945096
15/04/2021,0.00017468543594945096
16/04/2021,0.00017468543594945096
19/04/2021,0.00017468543594945096
20/04/2021,0.00017468543594945096
21/04/2021,0.00017468543594945096
22/04/2021,0.00017468543594945096
23/04/2021,0.00017468543594945096
26/04/2021,0.00017468543594945096
27/04/2021,0.00017468543594945096
28/04/2021,0.00017468543594945096
29/04/2021,0.00017468543594945096
30/04/2021,0.00017468543594945096
03/05/2021,0.00017468543594945096
04/05/2021,0.00017468543594945096
05/05/2021,0.00017468543594945096
06/05/2021,0.00017468543594945096
07/05/2021,0.00017468543594945096
10/05/2021,0.00017468543594945096
11/05/2021,0.00017468543594945096
12/05/2021,0.00017468543594945096
13/05/2021,0.00017468543594945096
14/05/2021,0.00017468543594945096
17/05/2021,0.00017468543594945096
18/05/2021,0.00017468543594945096
19/05/2021,0.00017468543594945096
20/05/2021,0.00017468543594945096
21/05/2021,0.00017468543594945096
24/05/2021,0.00017468543594945096
25/05/2021,0.00017468543594945096
26/05/2021,0.00017468543594945096
27/05/2021,0.00017468543594945096
28/05/2021,0.00017468543594945096
31/05/2021,0.00017468543594945096
01/06/2021,0.00017468543594945096
02/06/2021,0.00017468543594945096
03/06/2021,0.00017468543594945096
04/06/2021,0.00017468543594945096
07/06/2021,0.00017468543594945096
08/06/2021,0.00017468543594945096
09/06/2021,0.00017468543594945096
10/06/2021,0.00017468543594945096
11/06/2021,0.00017468543594945096
14/06/2021,0.00017468543594945096
15/06/2021,0.00017468543594945096
16/06/2021,0.00017468543594945096
17/06/2021,0.00017468543594945096
18/06/2021,0.00017468543594945096
21/06/2021,0.00017468543594945096
22/06/2021,0.00017468543594945096
23/06/2021,0.00017468543594945096
24/06/2021,0.00017468543594945096
25/06/2021,0.00017468543594945096
28/06/2021,0.00017468543594945096
29/06/2021,0.00017468543594945096
30/06/2021,0.00017468543594945096
01/07/2021,0.00017468543594945096
02/07/2021,0.00017468543594945096
05/07/2021,0.00017468543594945096
06/07/2021,0.00017468543594945096
07/07/2021,0.00017468543594945096
08/07/2021,0.00017468543594945096
09/07/2021,0.00017468543594945096
12/07/2021,0.00017468543594945096
13/07/2021,0.00017468543594945096
14/07/2021,0.00017468543594945096
15/07/2021,0.00017468543594945096
16/07/2021,0.00017468543594945096
19/07/2021,0.00017468543594945096
20/07/2021,0.00017468543594945096
21/07/2021,0.00017468543594945096
22/07/2021,0.00017468543594945096
23/07/2021,0.00017468543594945096
26/07/2021,0.00017468543594945096
27/07/2021,0.00017468543594945096
28/07/2021,0.00017468543594945096
29/07/2021,0.00017468543594945096
30/07/2021,0.00017468543594945096
02/08/2021,0.00017468543594945096
03/08/2021,0.00017468543594945096
04/08/2021,0.00017468543594945096
05/08/2021,0.00017468543594945096
06/08/2021,0.00017468543594945096
09/08/2021,0.00017468543594945096
10/08/2021,0.00017468543594945096
11/08/2021,0.00017468543594945096
12/08/2021,0.00017468543594945096
13/08/2021,0.00017468543594945096
16/08/2021,0.00017468543594945096
17/08/2021,0.00017468543594945096
18/08/2021,0.00017468543594945096
19/08/2021,0.00017468543594945096
20/08/2021,0.00017468543594945096
23/08/2021,0.00017468543594945096
24/08/2021,0.00017468543594945096
25/08/2021,0.00017468543594945096
26/08/2021,0.00017468543594945096
27/08/2021,0.00017468543594945096
30/08/2021,0.00017468543594945096
31/08/2021,0.00017468543594945096
01/09/2021,0.00017468543594945096
02/09/2021,0.00017468543594945096
03/09/2021,0.00017468543594945096
06/09/2021,0.00017468543594945096
07/09/2021,0.00017468543594945096
08/09/2021,0.00017468543594945096
09/09/2021,0.00017468543594945096
10/09/2021,0.00017468543594945096
13/09/2021,0.00017468543594945096
14/09/2021,0.00017468543594945096
15/09/2021,0.00017468543594945096
16/09/2021,0.00017468543594945096
17/09/2021,0.00017468543594945096
20/09/2021,0.00017468543594945096
21/09/2021,0.00017468543594945096
22/09/2021,0.00017468543594945096
23/09/2021,0.00017468543594945096
24/09/2021,0.00017468543594945096
27/09/2021,0.00017468543594945096
28/09/2021,0.00017468543594945096
29/09/2021,0.00017468543594945096
30/09/2021,0.00017468543594945096
01/10/2021,0.00017468543594945096
04/10/2021,0.00017468543594945096
05/10/2021,0.00017468543594945096
06/10/2021,0.00017468543594945096
07/10/2021,0.00017468543594945096
08/10/2021,0.00017468543594945096
11/10/2021,0.00017468543594945096
12/10/2021,0.00017468543594945096
13/10/2021,0.00017468543594945096
14/10/2021,0.00017468543594945096
15/10/2021,0.00017468543594945096
18/10/2021,0.00017468543594945096
19/10/2021,0.00017468543594945096
20/10/2021,0.00017468543594945096
21/10/2021,0.00017468543594945096
22/10/2021,0.00017468543594945096
25/10/2021,0.00017468543594945096
26/10/2021,0.00017468543594945096
27/10/2021,0.00017468543594945096
28/10/2021,0.00017468543594945096
29/10/2021,0.00017468543594945096
01/11/2021,0.00017468543594945096
02/11/2021,0.00017468543594945096
03/11/2021,0.00017468543594945096
04/11/2021,0.00017468543594945096
05/11/2021,0.00017468543594945096
08/11/2021,0.00017468543594945096
09/11/2021,0.00017468543594945096
10/11/2021,0.00017468543594945096
11/11/2021,0.00017468543594945096
12/11/2021,0.00017468543594945096
15/11/2021,0.00017468543594945096
16/11/2021,0.00017468543594945096
17/11/2021,0.00017468543594945096
18/11/2021,0.00017468543594945096
19/11/2021,0.00017468543594945096
22/11/2021,0.00017468543594945096
23/11/2021,0.00017468543594945096
24/11/2021,0.00017468543594945096
25/11/2021,0.00017468543594945096
26/11/2021,0.00017468543594945096
29/11/2021,0.00017468543594945096
30/11/2021,0.00017468543594945096
01/12/2021,0.00017468543594945096
02/12/2021,0.00017468543594945096
03/12/2021,0.00017468543594945096
06/12/2021,0.00017468543594945096
07/12/2021,0.00017468543594945096
08/12/2021,0.00017468543594945096
09/12/2021,0.00017468543594945096
10/12/2021,0.00017468543594945096
13/12/2021,0.00017468543594945096
14/12/2021,0.00017468543594945096
15/12/2021,0.00017468543594945096
16/12/2021,0.00017468543594945096
17/12/2021,0.00017468543594945096
20/12/2021,0.00017468543594945096
21/12/2021,0.00017468543594945096
22/12/2021,0.00017468543594945096
23/12/2021,0.00017468543594945096
24/12/2021,0.00017468543594945096
27/12/2021,0.00017468543594945096
28/12/2021,0.00017468543594945096
29/12/2021,0.00017468543594945096
30/12/2021,0.00017468543594945096
31/12/2021,0.00017468543594945096
03/01/2022,0.0004675022437634624
04/01/2022,0.0004675022437634624
05/01/2022,0.0004675022437634624
06/01/2022,0.0004675022437634624
07/01/2022,0.0004675022437634624
10/01/2022,0.0004675022437634624
11/01/2022,0.0004675022437634624
12/01/2022,0.0004675022437634624
13/01/2022,0.0004675022437634624
14/01/2022,0.0004675022437634624
17/01/2022,0.0004675022437634624
18/01/2022,0.0004675022437634624
19/01/2022,0.0004675022437634624
20/01/2022,0.0004675022437634624
21/01/2022,0.0004675022437634624
24/01/2022,0.0004675022437634624
25/01/2022,0.0004675022437634624
26/01/2022,0.0004675022437634624
27/01/2022,0.0004675022437634624
28/01/2022,0.0004675022437634624
31/01/2022,0.0004675022437634624
01/02/2022,0.0004675022437634624
02/02/2022,0.0004675022437634624
03/02/2022,0.0004675022437634624
04/02/2022,0.0004675022437634624
07/02/2022,0.0004675022437634624
08/02/2022,0.0004675022437634624
09/02/2022,0.0004675022437634624
10/02/2022,0.0004675022437634624
11/02/2022,0.0004675022437634624
14/02/2022,0.0004675022437634624
15/02/2022,0.0004675022437634624
16/02/2022,0.0004675022437634624
17/02/2022,0.0004675022437634624
18/02/2022,0.0004675022437634624
21/02/2022,0.0004675022437634624
22/02/2022,0.0004675022437634624
23/02/2022,0.0004675022437634624
24/02/2022,0.0004675022437634624
25/02/2022,0.0004675022437634624
28/02/2022,0.0004675022437634624
01/03/2022,0.0004675022437634624
02/03/2022,0.0004675022437634624
03/03/2022,0.0004675022437634624
04/03/2022,0.0004675022437634624
07/03/2022,0.0004675022437634624
08/03/2022,0.0004675022437634624
09/03/2022,0.0004675022437634624
10/03/2022,0.0004675022437634624
11/03/2022,0.0004675022437634624
14/03/2022,0.0004675022437634624
15/03/2022,0.0004675022437634624
16/03/2022,0.0004675022437634624
17/03/2022,0.0004675022437634624
18/03/2022,0.0004675022437634624
21/03/2022,0.0004675022437634624
22/03/2022,0.0004675022437634624
23/03/2022,0.0004675022437634624
24/03/2022,0.0004675022437634624
25/03/2022,0.0004675022437634624
28/03/2022,0.0004675022437634624
29/03/2022,0.0004675022437634624
30/03/2022,0.0004675022437634624
31/03/2022,0.0004675022437634624
01/04/2022,0.0004675022437634624
04/04/2022,0.0004675022437634624
05/04/2022,0.0004675022437634624
06/04/2022,0.0004675022437634624
07/04/2022,0.0004675022437634624
08/04/2022,0.0004675022437634624
11/04/2022,0.0004675022437634624
12/04/2022,0.0004675022437634624
13/04/2022,0.0004675022437634624
14/04/2022,0.0004675022437634624
15/04/2022,0.0004675022437634624
18/04/2022,0.0004675022437634624
19/04/2022,0.0004675022437634624
20/04/2022,0.0004675022437634624
21/04/2022,0.0004675022437634624
22/04/2022,0.0004675022437634624
25/04/2022,0.0004675022437634624
26/04/2022,0.0004675022437634624
27/04/2022,0.0004675022437634624
28/04/2022,0.0004675022437634624
29/04/2022,0.0004675022437634624
02/05/2022,0.0004675022437634624
03/05/2022,0.0004675022437634624
04/05/2022,0.0004675022437634624
05/05/2022,0.0004675022437634624
06/05/2022,0.0004675022437634624
09/05/2022,0.0004675022437634624
10/05/2022,0.0004675022437634624
11/05/2022,0.0004675022437634624
12/05/2022,0.0004675022437634624
13/05/2022,0.0004675022437634624
16/05/2022,0.0004675022437634624
17/05/2022,0.0004675022437634624
18/05/2022,0.0004675022437634624
19/05/2022,0.0004675022437634624
20/05/2022,0.0004675022437634624
23/05/2022,0.0004675022437634624
24/05/2022,0.0004675022437634624
25/05/2022,0.0004675022437634624
26/05/2022,0.0004675022437634624
27/05/2022,0.0004675022437634624
30/05/2022,0.0004675022437634624
31/05/2022,0.0004675022437634624
01/06/2022,0.0004675022437634624
02/06/2022,0.0004675022437634624
03/06/2022,0.0004675022437634624
06/06/2022,0.0004675022437634624
07/06/2022,0.0004675022437634624
08/06/2022,0.0004675022437634624
09/06/2022,0.0004675022437634624
10/06/2022,0.0004675022437634624
13/06/2022,0.0004675022437634624
14/06/2022,0.0004675022437634624
15/06/2022,0.0004675022437634624
16/06/2022,0.0004675022437634624
17/06/2022,0.0004675022437634624
20/06/2022,0.0004675022437634624
21/06/2022,0.0004675022437634624
22/06/2022,0.0004675022437634624
23/06/2022,0.0004675022437634624
24/06/2022,0.0004675022437634624
27/06/2022,0.0004675022437634624
28/06/2022,0.0004675022437634624
29/06/2022,0.0004675022437634624
30/06/2022,0.0004675022437634624
01/07/2022,0.0004675022437634624
04/07/2022,0.0004675022437634624
05/07/2022,0.0004675022437634624
06/07/2022,0.0004675022437634624
07/07/2022,0.0004675022437634624
08/07/2022,0.0004675022437634624
11/07/2022,0.0004675022437634624
12/07/2022,0.0004675022437634624
13/07/2022,0.0004675022437634624
14/07/2022,0.0004675022437634624
15/07/2022,0.0004675022437634624
18/07/2022,0.0004675022437634624
19/07/2022,0.0004675022437634624
20/07/2022,0.0004675022437634624
21/07/2022,0.0004675022437634624
22/07/2022,0.0004675022437634624
25/07/2022,0.0004675022437634624
26/07/2022,0.0004675022437634624
27/07/2022,0.0004675022437634624
28/07/2022,0.0004675022437634624
29/07/2022,0.0004675022437634624
01/08/2022,0.0004675022437634624
02/08/2022,0.0004675022437634624
03/08/2022,0.0004675022437634624
04/08/2022,0.0004675022437634624
05/08/2022,0.0004675022437634624
08/08/2022,0.0004675022437634624
09/08/2022,0.0004675022437634624
10/08/2022,0.0004675022437634624
11/08/2022,0.0004675022437634624
12/08/2022,0.0004675022437634624
15/08/2022,0.0004675022437634624
16/08/2022,0.0004675022437634624
17/08/2022,0.0004675022437634624
18/08/2022,0.0004675022437634624
19/08/2022,0.0004675022437634624
22/08/2022,0.0004675022437634624
23/08/2022,0.0004675022437634624
24/08/2022,0.0004675022437634624
25/08/2022,0.0004675022437634624
26/08/2022,0.0004675022437634624
29/08/2022,0.0004675022437634624
30/08/2022,0.0004675022437634624
31/08/2022,0.0004675022437634624
01/09/2022,0.0004675022437634624
02/09/2022,0.0004675022437634624
05/09/2022,0.0004675022437634624
06/09/2022,0.0004675022437634624
07/09/2022,0.0004675022437634624
08/09/2022,0.0004675022437634624
09/09/2022,0.0004675022437634624
12/09/2022,0.0004675022437634624
13/09/2022,0.0004675022437634624
14/09/2022,0.0004675022437634624
15/09/2022,0.0004675022437634624
16/09/2022,0.0004675022437634624
19/09/2022,0.0004675022437634624
20/09/2022,0.0004675022437634624
21/09/2022,0.0004675022437634624
22/09/2022,0.0004675022437634624
23/09/2022,0.0004675022437634624
26/09/2022,0.0004675022437634624
27/09/2022,0.0004675022437634624
28/09/2022,0.0004675022437634624
29/09/2022,0.0004675022437634624
30/09/2022,0.0004675022437634624
03/10/2022,0.0004675022437634624
04/10/2022,0.0004675022437634624
05/10/2022,0.0004675022437634624
06/10/2022,0.0004675022437634624
07/10/2022,0.0004675022437634624
10/10/2022,0.0004675022437634624
11/10/2022,0.0004675022437634624
12/10/2022,0.0004675022437634624
13/10/2022,0.0004675022437634624
14/10/2022,0.0004675022437634624
17/10/2022,0.0004675022437634624
18/10/2022,0.0004675022437634624
19/10/2022,0.0004675022437634624
20/10/2022,0.0004675022437634624
21/10/2022,0.0004675022437634624
24/10/2022,0.0004675022437634624
25/10/2022,0.0004675022437634624
26/10/2022,0.0004675022437634624
27/10/2022,0.0004675022437634624
28/10/2022,0.0004675022437634624
31/10/2022,0.0004675022437634624
01/11/2022,0.0004675022437634624
02/11/2022,0.0004675022437634624
03/11/2022,0.0004675022437634624
04/11/2022,0.0004675022437634624
07/11/2022,0.0004675022437634624
08/11/2022,0.0004675022437634624
09/11/2022,0.0004675022437634624
10/11/2022,0.0004675022437634624
11/11/2022,0.0004675022437634624
14/11/2022,0.0004675022437634624
15/11/2022,0.0004675022437634624
16/11/2022,0.0004675022437634624
17/11/2022,0.0004675022437634624
18/11/2022,0.0004675022437634624
21/11/2022,0.0004675022437634624
22/11/2022,0.0004675022437634624
23/11/2022,0.0004675022437634624
24/11/2022,0.0004675022437634624
25/11/2022,0.0004675022437634624
28/11/2022,0.0004675022437634624
29/11/2022,0.0004675022437634624
30/11/2022,0.0004675022437634624
01/12/2022,0.0004675022437634624
02/12/2022,0.0004675022437634624
05/12/2022,0.0004675022437634624
06/12/2022,0.0004675022437634624
07/12/2022,0.0004675022437634624
08/12/2022,0.0004675022437634624
09/12/2022,0.0004675022437634624
12/12/2022,0.0004675022437634624
13/12/2022,0.0004675022437634624
14/12/2022,0.0004675022437634624
15/12/2022,0.0004675022437634624
16/12/2022,0.0004675022437634624
19/12/2022,0.0004675022437634624
20/12/2022,0.0004675022437634624
21/12/2022,0.0004675022437634624
22/12/2022,0.0004675022437634624
23/12/2022,0.0004675022437634624
26/12/2022,0.0004675022437634624
27/12/2022,0.0004675022437634624
28/12/2022,0.0004675022437634624
29/12/2022,0.0004675022437634624
30/12/2022,0.0004675022437634624
02/01/2023,0.0004851082330077361
03/01/2023,0.0004851082330077361
04/01/2023,0.0004851082330077361
05/01/2023,0.0004851082330077361
06/01/2023,0.0004851082330077361
09/01/2023,0.0004851082330077361
10/01/2023,0.0004851082330077361
11/01/2023,0.0004851082330077361
12/01/2023,0.0004851082330077361
13/01/2023,0.0004851082330077361
16/01/2023,0.0004851082330077361
17/01/2023,0.0004851082330077361
18/01/2023,0.0004851082330077361
19/01/2023,0.0004851082330077361
20/01/2023,0.0004851082330077361
23/01/2023,0.0004851082330077361
24/01/2023,0.0004851082330077361
25/01/2023,0.0004851082330077361
26/01/2023,0.0004851082330077361
27/01/2023,0.0004851082330077361
30/01/2023,0.0004851082330077361
31/01/2023,0.0004851082330077361
01/02/2023,0.0004851082330077361
02/02/2023,0.0004851082330077361
03/02/2023,0.0004851082330077361
06/02/2023,0.0004851082330077361
07/02/2023,0.0004851082330077361
08/02/2023,0.0004851082330077361
09/02/2023,0.0004851082330077361
10/02/2023,0.0004851082330077361
13/02/2023,0.0004851082330077361
14/02/2023,0.0004851082330077361
15/02/2023,0.0004851082330077361
16/02/2023,0.0004851082330077361
17/02/2023,0.0004851082330077361
20/02/2023,0.0004851082330077361
21/02/2023,0.0004851082330077361
22/02/2023,0.0004851082330077361
23/02/2023,0.0004851082330077361
24/02/2023,0.0004851082330077361
27/02/2023,0.0004851082330077361
28/02/2023,0.0004851082330077361
01/03/2023,0.0004851082330077361
02/03/2023,0.0004851082330077361
03/03/2023,0.0004851082330077361
06/03/2023,0.0004851082330077361
07/03/2023,0.0004851082330077361
08/03/2023,0.0004851082330077361
09/03/2023,0.0004851082330077361
10/03/2023,0.0004851082330077361
13/03/2023,0.0004851082330077361
14/03/2023,0.0004851082330077361
15/03/2023,0.0004851082330077361
16/03/2023,0.0004851082330077361
17/03/2023,0.0004851082330077361
20/03/2023,0.0004851082330077361
21/03/2023,0.0004851082330077361
22/03/2023,0.0004851082330077361
23/03/2023,0.0004851082330077361
24/03/2023,0.0004851082330077361
27/03/2023,0.0004851082330077361
28/03/2023,0.0004851082330077361
29/03/2023,0.0004851082330077361
30/03/2023,0.0004851082330077361
31/03/2023,0.0004851082330077361
03/04/2023,0.0004851082330077361
04/04/2023,0.0004851082330077361
05/04/2023,0.0004851082330077361
06/04/2023,0.0004851082330077361
07/04/2023,0.0004851082330077361
10/04/2023,0.0004851082330077361
11/04/2023,0.0004851082330077361
12/04/2023,0.0004851082330077361
13/04/2023,0.0004851082330077361
14/04/2023,0.0004851082330077361
17/04/2023,0.0004851082330077361
18/04/2023,0.0004851082330077361
19/04/2023,0.0004851082330077361
20/04/2023,0.0004851082330077361
21/04/2023,0.0004851082330077361
24/04/2023,0.0004851082330077361
25/04/2023,0.0004851082330077361
26/04/2023,0.0004851082330077361
27/04/2023,0.0004851082330077361
28/04/2023,0.0004851082330077361
01/05/2023,0.0004851082330077361
02/05/2023,0.0004851082330077361
03/05/2023,0.0004851082330077361
04/05/2023,0.0004851082330077361
05/05/2023,0.0004851082330077361
08/05/2023,0.0004851082330077361
09/05/2023,0.0004851082330077361
10/05/2023,0.0004851082330077361
11/05/2023,0.0004851082330077361
12/05/2023,0.0004851082330077361
15/05/2023,0.0004851082330077361
16/05/2023,0.0004851082330077361
17/05/2023,0.0004851082330077361
18/05/2023,0.0004851082330077361
19/05/2023,0.0004851082330077361
22/05/2023,0.0004851082330077361
23/05/2023,0.0004851082330077361
24/05/2023,0.0004851082330077361
25/05/2023,0.0004851082330077361
26/05/2023,0.0004851082330077361
29/05/2023,0.0004851082330077361
30/05/2023,0.0004851082330077361
31/05/2023,0.0004851082330077361
01/06/2023,0.0004851082330077361
02/06/2023,0.0004851082330077361
05/06/2023,0.0004851082330077361
06/06/2023,0.0004851082330077361
07/06/2023,0.0004851082330077361
08/06/2023,0.0004851082330077361
09/06/2023,0.0004851082330077361
12/06/2023,0.0004851082330077361
13/06/2023,0.0004851082330077361
14/06/2023,0.0004851082330077361
15/06/2023,0.0004851082330077361
16/06/2023,0.0004851082330077361
19/06/2023,0.0004851082330077361
20/06/2023,0.0004851082330077361
21/06/2023,0.0004851082330077361
22/06/2023,0.0004851082330077361
23/06/2023,0.0004851082330077361
26/06/2023,0.0004851082330077361
27/06/2023,0.0004851082330077361
28/06/2023,0.0004851082330077361
29/06/2023,0.0004851082330077361
30/06/2023,0.0004851082330077361
03/07/2023,0.0004851082330077361
04/07/2023,0.0004851082330077361
05/07/2023,0.0004851082330077361
06/07/2023,0.0004851082330077361
07/07/2023,0.0004851082330077361
10/07/2023,0.0004851082330077361
11/07/2023,0.0004851082330077361
12/07/2023,0.0004851082330077361
13/07/2023,0.0004851082330077361
14/07/2023,0.0004851082330077361
17/07/2023,0.0004851082330077361
18/07/2023,0.0004851082330077361
19/07/2023,0.0004851082330077361
20/07/2023,0.0004851082330077361
21/07/2023,0.0004851082330077361
24/07/2023,0.0004851082330077361
25/07/2023,0.0004851082330077361
26/07/2023,0.0004851082330077361
27/07/2023,0.0004851082330077361
28/07/2023,0.0004851082330077361
31/07/2023,0.0004851082330077361
01/08/2023,0.0004851082330077361
02/08/2023,0.0004851082330077361
03/08/2023,0.0004851082330077361
04/08/2023,0.0004851082330077361
07/08/2023,0.0004851082330077361
08/08/2023,0.0004851082330077361
09/08/2023,0.0004851082330077361
10/08/2023,0.0004851082330077361
11/08/2023,0.0004851082330077361
14/08/2023,0.0004851082330077361
15/08/2023,0.0004851082330077361
16/08/2023,0.0004851082330077361
17/08/2023,0.0004851082330077361
18/08/2023,0.0004851082330077361
21/08/2023,0.0004851082330077361
22/08/2023,0.0004851082330077361
23/08/2023,0.0004851082330077361
24/08/2023,0.0004851082330077361
25/08/2023,0.0004851082330077361
28/08/2023,0.0004851082330077361
29/08/2023,0.0004851082330077361
30/08/2023,0.0004851082330077361
31/08/2023,0.0004851082330077361
01/09/2023,0.0004851082330077361
04/09/2023,0.0004851082330077361
05/09/2023,0.0004851082330077361
06/09/2023,0.0004851082330077361
07/09/2023,0.0004851082330077361
08/09/2023,0.0004851082330077361
11/09/2023,0.0004851082330077361
12/09/2023,0.0004851082330077361
13/09/2023,0.0004851082330077361
14/09/2023,0.0004851082330077361
15/09/2023,0.0004851082330077361
18/09/2023,0.0004851082330077361
19/09/2023,0.0004851082330077361
20/09/2023,0.0004851082330077361
21/09/2023,0.0004851082330077361
22/09/2023,0.0004851082330077361
25/09/2023,0.0004851082330077361
26/09/2023,0.0004851082330077361
27/09/2023,0.0004851082330077361
28/09/2023,0.0004851082330077361
29/09/2023,0.0004851082330077361
02/10/2023,0.0004851082330077361
03/10/2023,0.0004851082330077361
04/10/2023,0.0004851082330077361
05/10/2023,0.0004851082330077361
06/10/2023,0.0004851082330077361
09/10/2023,0.0004851082330077361
10/10/2023,0.0004851082330077361
11/10/2023,0.0004851082330077361
12/10/2023,0.0004851082330077361
13/10/2023,0.0004851082330077361
16/10/2023,0.0004851082330077361
17/10/2023,0.0004851082330077361
18/10/2023,0.0004851082330077361
19/10/2023,0.0004851082330077361
20/10/2023,0.0004851082330077361
23/10/2023,0.0004851082330077361
24/10/2023,0.0004851082330077361
25/10/2023,0.0004851082330077361
26/10/2023,0.0004851082330077361
27/10/2023,0.0004851082330077361
30/10/2023,0.0004851082330077361
31/10/2023,0.0004851082330077361
01/11/2023,0.0004851082330077361
02/11/2023,0.0004851082330077361
03/11/2023,0.0004851082330077361
06/11/2023,0.0004851082330077361
07/11/2023,0.0004851082330077361
08/11/2023,0.0004851082330077361
09/11/2023,0.0004851082330077361
10/11/2023,0.0004851082330077361
13/11/2023,0.0004851082330077361
14/11/2023,0.0004851082330077361
15/11/2023,0.0004851082330077361
16/11/2023,0.0004851082330077361
17/11/2023,0.0004851082330077361
20/11/2023,0.0004851082330077361
21/11/2023,0.0004851082330077361
22/11/2023,0.0004851082330077361
23/11/2023,0.0004851082330077361
24/11/2023,0.0004851082330077361
27/11/2023,0.0004851082330077361
28/11/2023,0.0004851082330077361
29/11/2023,0.0004851082330077361
30/11/2023,0.0004851082330077361
01/12/2023,0.0004851082330077361
04/12/2023,0.0004851082330077361
05/12/2023,0.0004851082330077361
06/12/2023,0.0004851082330077361
07/12/2023,0.0004851082330077361
08/12/2023,0.0004851082330077361
11/12/2023,0.0004851082330077361
12/12/2023,0.0004851082330077361
13/12/2023,0.0004851082330077361
14/12/2023,0.0004851082330077361
15/12/2023,0.0004851082330077361
18/12/2023,0.0004851082330077361
19/12/2023,0.0004851082330077361
20/12/2023,0.0004851082330077361
21/12/2023,0.0004851082330077361
22/12/2023,0.0004851082330077361
25/12/2023,0.0004851082330077361
26/12/2023,0.0004851082330077361
27/12/2023,0.0004851082330077361
28/12/2023,0.0004851082330077361
29/12/2023,0.0004851082330077361
01/01/2024,0.0004052615523830738
02/01/2024,0.0004052615523830738
03/01/2024,0.0004052615523830738
04/01/2024,0.0004052615523830738
05/01/2024,0.0004052615523830738
08/01/2024,0.0004052615523830738
09/01/2024,0.0004052615523830738
10/01/2024,0.0004052615523830738
11/01/2024,0.0004052615523830738
12/01/2024,0.0004052615523830738
15/01/2024,0.0004052615523830738
16/01/2024,0.0004052615523830738
17/01/2024,0.0004052615523830738
18/01/2024,0.0004052615523830738
19/01/2024,0.0004052615523830738
22/01/2024,0.0004052615523830738
23/01/2024,0.0004052615523830738
24/01/2024,0.0004052615523830738
25/01/2024,0.0004052615523830738
26/01/2024,0.0004052615523830738
29/01/2024,0.0004052615523830738
30/01/2024,0.0004052615523830738
31/01/2024,0.0004052615523830738
01/02/2024,0.0004052615523830738
02/02/2024,0.0004052615523830738
05/02/2024,0.0004052615523830738
06/02/2024,0.0004052615523830738
07/02/2024,0.0004052615523830738
08/02/2024,0.0004052615523830738
09/02/2024,0.0004052615523830738
12/02/2024,0.0004052615523830738
13/02/2024,0.0004052615523830738
14/02/2024,0.0004052615523830738
15/02/2024,0.0004052615523830738
16/02/2024,0.0004052615523830738
19/02/2024,0.0004052615523830738
20/02/2024,0.0004052615523830738
21/02/2024,0.0004052615523830738
22/02/2024,0.0004052615523830738
23/02/2024,0.0004052615523830738
26/02/2024,0.0004052615523830738
27/02/2024,0.0004052615523830738
28/02/2024,0.0004052615523830738
29/02/2024,0.0004052615523830738
01/03/2024,0.0004052615523830738
04/03/2024,0.0004052615523830738
05/03/2024,0.0004052615523830738
06/03/2024,0.0004052615523830738
07/03/2024,0.0004052615523830738
08/03/2024,0.0004052615523830738
11/03/2024,0.0004052615523830738
12/03/2024,0.0004052615523830738
13/03/2024,0.0004052615523830738
14/03/2024,0.0004052615523830738
15/03/2024,0.0004052615523830738
18/03/2024,0.0004052615523830738
19/03/2024,0.0004052615523830738
20/03/2024,0.0004052615523830738
21/03/2024,0.0004052615523830738
22/03/2024,0.0004052615523830738
25/03/2024,0.0004052615523830738
26/03/2024,0.0004052615523830738
27/03/2024,0.0004052615523830738
28/03/2024,0.0004052615523830738
29/03/2024,0.0004052615523830738
01/04/2024,0.0004052615523830738
02/04/2024,0.0004052615523830738
03/04/2024,0.0004052615523830738
04/04/2024,0.0004052615523830738
05/04/2024,0.0004052615523830738
08/04/2024,0.0004052615523830738
09/04/2024,0.0004052615523830738
10/04/2024,0.0004052615523830738
11/04/2024,0.0004052615523830738
12/04/2024,0.0004052615523830738
15/04/2024,0.0004052615523830738
16/04/2024,0.0004052615523830738
17/04/2024,0.0004052615523830738
18/04/2024,0.0004052615523830738
19/04/2024,0.0004052615523830738
22/04/2024,0.0004052615523830738
23/04/2024,0.0004052615523830738
24/04/2024,0.0004052615523830738
25/04/2024,0.0004052615523830738
26/04/2024,0.0004052615523830738
29/04/2024,0.0004052615523830738
30/04/2024,0.0004052615523830738
01/05/2024,0.0004052615523830738
02/05/2024,0.0004052615523830738
03/05/2024,0.0004052615523830738
06/05/2024,0.0004052615523830738
07/05/2024,0.0004052615523830738
08/05/2024,0.0004052615523830738
09/05/2024,0.0004052615523830738
10/05/2024,0.0004052615523830738
13/05/2024,0.0004052615523830738
14/05/2024,0.0004052615523830738
15/05/2024,0.0004052615523830738
16/05/2024,0.0004052615523830738
17/05/2024,0.0004052615523830738
20/05/2024,0.0004052615523830738
21/05/2024,0.0004052615523830738
22/05/2024,0.0004052615523830738
23/05/2024,0.0004052615523830738
24/05/2024,0.0004052615523830738
27/05/2024,0.0004052615523830738
28/05/2024,0.0004052615523830738
29/05/2024,0.0004052615523830738
30/05/2024,0.0004052615523830738
31/05/2024,0.0004052615523830738
03/06/2024,0.0004052615523830738
04/06/2024,0.0004052615523830738
05/06/2024,0.0004052615523830738
06/06/2024,0.0004052615523830738
07/06/2024,0.0004052615523830738
10/06/2024,0.0004052615523830738
11/06/2024,0.0004052615523830738
12/06/2024,0.0004052615523830738
13/06/2024,0.0004052615523830738
14/06/2024,0.0004052615523830738
17/06/2024,0.0004052615523830738
18/06/2024,0.0004052615523830738
19/06/2024,0.0004052615523830738
20/06/2024,0.0004052615523830738
21/06/2024,0.0004052615523830738
24/06/2024,0.0004052615523830738
25/06/2024,0.0004052615523830738
26/06/2024,0.0004052615523830738
27/06/2024,0.0004052615523830738
28/06/2024,0.0004052615523830738
01/07/2024,0.0004052615523830738
02/07/2024,0.0004052615523830738
03/07/2024,0.0004052615523830738
04/07/2024,0.0004052615523830738
05/07/2024,0.0004052615523830738
08/07/2024,0.0004052615523830738
09/07/2024,0.0004052615523830738
10/07/2024,0.0004052615523830738
11/07/2024,0.0004052615523830738
12/07/2024,0.0004052615523830738
15/07/2024,0.0004052615523830738
16/07/2024,0.0004052615523830738
17/07/2024,0.0004052615523830738
18/07/2024,0.0004052615523830738
19/07/2024,0.0004052615523830738
22/07/2024,0.0004052615523830738
23/07/2024,0.0004052615523830738
24/07/2024,0.0004052615523830738
25/07/2024,0.0004052615523830738
26/07/2024,0.0004052615523830738
29/07/2024,0.0004052615523830738
30/07/2024,0.0004052615523830738
31/07/2024,0.0004052615523830738
01/08/2024,0.0004052615523830738
02/08/2024,0.0004052615523830738
05/08/2024,0.0004052615523830738
06/08/2024,0.0004052615523830738
07/08/2024,0.0004052615523830738
08/08/2024,0.0004052615523830738
09/08/2024,0.0004052615523830738
12/08/2024,0.0004052615523830738
13/08/2024,0.0004052615523830738
14/08/2024,0.0004052615523830738
15/08/2024,0.0004052615523830738
16/08/2024,0.0004052615523830738
19/08/2024,0.0004052615523830738
20/08/2024,0.0004052615523830738
21/08/2024,0.0004052615523830738
22/08/2024,0.0004052615523830738
23/08/2024,0.0004052615523830738
26/08/2024,0.0004052615523830738
27/08/2024,0.0004052615523830738
28/08/2024,0.0004052615523830738
29/08/2024,0.0004052615523830738
30/08/2024,0.0004052615523830738
02/09/2024,0.0004052615523830738
03/09/2024,0.0004052615523830738
04/09/2024,0.0004052615523830738
05/09/2024,0.0004052615523830738
06/09/2024,0.0004052615523830738
09/09/2024,0.0004052615523830738
10/09/2024,0.0004052615523830738
11/09/2024,0.0004052615523830738
12/09/2024,0.0004052615523830738
13/09/2024,0.0004052615523830738
16/09/2024,0.0004052615523830738
17/09/2024,0.0004052615523830738
18/09/2024,0.0004052615523830738
19/09/2024,0.0004052615523830738
20/09/2024,0.0004052615523830738
23/09/2024,0.0004052615523830738
24/09/2024,0.0004052615523830738
25/09/2024,0.0004052615523830738
26/09/2024,0.0004052615523830738
27/09/2024,0.0004052615523830738
30/09/2024,0.0004052615523830738
01/10/2024,0.0004052615523830738
02/10/2024,0.0004052615523830738
03/10/2024,0.0004052615523830738
04/10/2024,0.0004052615523830738
07/10/2024,0.0004052615523830738
08/10/2024,0.0004052615523830738
09/10/2024,0.0004052615523830738
10/10/2024,0.0004052615523830738
11/10/2024,0.0004052615523830738
14/10/2024,0.0004052615523830738
15/10/2024,0.0004052615523830738
16/10/2024,0.0004052615523830738
17/10/2024,0.0004052615523830738
18/10/2024,0.0004052615523830738
21/10/2024,0.0004052615523830738
22/10/2024,0.0004052615523830738
23/10/2024,0.0004052615523830738
24/10/2024,0.0004052615523830738
25/10/2024,0.0004052615523830738
28/10/2024,0.0004052615523830738
29/10/2024,0.0004052615523830738
30/10/2024,0.0004052615523830738
31/10/2024,0.0004052615523830738
01/11/2024,0.0004052615523830738
04/11/2024,0.0004052615523830738
05/11/2024,0.0004052615523830738
06/11/2024,0.0004052615523830738
07/11/2024,0.0004052615523830738
08/11/2024,0.0004052615523830738
11/11/2024,0.0004052615523830738
12/11/2024,0.0004052615523830738
13/11/2024,0.0004052615523830738
14/11/2024,0.0004052615523830738
15/11/2024,0.0004052615523830738
18/11/2024,0.0004052615523830738
19/11/2024,0.0004052615523830738
20/11/2024,0.0004052615523830738
21/11/2024,0.0004052615523830738
22/11/2024,0.0004052615523830738
25/11/2024,0.0004052615523830738
26/11/2024,0.0004052615523830738
27/11/2024,0.0004052615523830738
28/11/2024,0.0004052615523830738
29/11/2024,0.0004052615523830738
02/12/2024,0.0004052615523830738
03/12/2024,0.0004052615523830738
04/12/2024,0.0004052615523830738
05/12/2024,0.0004052615523830738
06/12/2024,0.0004052615523830738
09/12/2024,0.0004052615523830738
10/12/2024,0.0004052615523830738
11/12/2024,0.0004052615523830738
12/12/2024,0.0004052615523830738
13/12/2024,0.0004052615523830738
16/12/2024,0.0004052615523830738
17/12/2024,0.0004052615523830738
18/12/2024,0.0004052615523830738
19/12/2024,0.0004052615523830738
20/12/2024,0.0004052615523830738
23/12/2024,0.0004052615523830738
24/12/2024,0.0004052615523830738
25/12/2024,0.0004052615523830738
26/12/2024,0.0004052615523830738
27/12/2024,0.0004052615523830738
30/12/2024,0.0004052615523830738
31/12/2024,0.0004052615523830738
01/01/2025,0.0003962901489071857
02/01/2025,0.0003962901489071857
03/01/2025,0.0003962901489071857
06/01/2025,0.0003962901489071857
07/01/2025,0.0003962901489071857
08/01/2025,0.0003962901489071857
09/01/2025,0.0003962901489071857
10/01/2025,0.0003962901489071857
13/01/2025,0.0003962901489071857
14/01/2025,0.0003962901489071857
15/01/2025,0.0003962901489071857
16/01/2025,0.0003962901489071857
17/01/2025,0.0003962901489071857
20/01/2025,0.0003962901489071857
21/01/2025,0.0003962901489071857
22/01/2025,0.0003962901489071857
23/01/2025,0.0003962901489071857
24/01/2025,0.0003962901489071857
27/01/2025,0.0003962901489071857
28/01/2025,0.0003962901489071857
29/01/2025,0.0003962901489071857
30/01/2025,0.0003962901489071857
31/01/2025,0.0003962901489071857
03/02/2025,0.0003962901489071857
04/02/2025,0.0003962901489071857
05/02/2025,0.0003962901489071857
06/02/2025,0.0003962901489071857
07/02/2025,0.0003962901489071857
10/02/2025,0.0003962901489071857
11/02/2025,0.0003962901489071857
12/02/2025,0.0003962901489071857
13/02/2025,0.0003962901489071857
14/02/2025,0.0003962901489071857
17/02/2025,0.0003962901489071857
18/02/2025,0.0003962901489071857
19/02/2025,0.0003962901489071857
20/02/2025,0.0003962901489071857
21/02/2025,0.0003962901489071857
24/02/2025,0.0003962901489071857
25/02/2025,0.0003962901489071857
26/02/2025,0.0003962901489071857
27/02/2025,0.0003962901489071857
28/02/2025,0.0003962901489071857
03/03/2025,0.0003962901489071857
04/03/2025,0.0003962901489071857
05/03/2025,0.0003962901489071857
06/03/2025,0.0003962901489071857
07/03/2025,0.0003962901489071857
10/03/2025,0.0003962901489071857
11/03/2025,0.0003962901489071857
12/03/2025,0.0003962901489071857
13/03/2025,0.0003962901489071857
14/03/2025,0.0003962901489071857
17/03/2025,0.0003962901489071857
18/03/2025,0.0003962901489071857
19/03/2025,0.0003962901489071857
20/03/2025,0.0003962901489071857
21/03/2025,0.0003962901489071857
24/03/2025,0.0003962901489071857
25/03/2025,0.0003962901489071857
26/03/2025,0.0003962901489071857
27/03/2025,0.0003962901489071857
28/03/2025,0.0003962901489071857
31/03/2025,0.0003962901489071857
01/04/2025,0.0003962901489071857
02/04/2025,0.0003962901489071857
03/04/2025,0.0003962901489071857
04/04/2025,0.0003962901489071857
07/04/2025,0.0003962901489071857
08/04/2025,0.0003962901489071857
09/04/2025,0.0003962901489071857
10/04/2025,0.0003962901489071857
11/04/2025,0.0003962901489071857
14/04/2025,0.0003962901489071857
15/04/2025,0.0003962901489071857
16/04/2025,0.0003962901489071857
17/04/2025,0.0003962901489071857
18/04/2025,0.0003962901489071857
21/04/2025,0.0003962901489071857
22/04/2025,0.0003962901489071857
23/04/2025,0.0003962901489071857
24/04/2025,0.0003962901489071857
25/04/2025,0.0003962901489071857
28/04/2025,0.0003962901489071857
29/04/2025,0.0003962901489071857
30/04/2025,0.0003962901489071857
01/05/2025,0.0003962901489071857
02/05/2025,0.0003962901489071857
05/05/2025,0.0003962901489071857
06/05/2025,0.0003962901489071857
07/05/2025,0.0003962901489071857
08/05/2025,0.0003962901489071857
09/05/2025,0.0003962901489071857
12/05/2025,0.0003962901489071857
13/05/2025,0.0003962901489071857
14/05/2025,0.0003962901489071857
15/05/2025,0.0003962901489071857
16/05/2025,0.0003962901489071857
19/05/2025,0.0003962901489071857
20/05/2025,0.0003962901489071857
21/05/2025,0.0003962901489071857
22/05/2025,0.0003962901489071857
23/05/2025,0.0003962901489071857
26/05/2025,0.0003962901489071857
27/05/2025,0.0003962901489071857
28/05/2025,0.0003962901489071857
29/05/2025,0.0003962901489071857
30/05/2025,0.0003962901489071857
02/06/2025,0.0003962901489071857
03/06/2025,0.0003962901489071857
04/06/2025,0.0003962901489071857
05/06/2025,0.0003962901489071857
06/06/2025,0.0003962901489071857
09/06/2025,0.0003962901489071857
10/06/2025,0.0003962901489071857
11/06/2025,0.0003962901489071857
12/06/2025,0.0003962901489071857
13/06/2025,0.0003962901489071857
16/06/2025,0.0003962901489071857
17/06/2025,0.0003962901489071857
18/06/2025,0.0003962901489071857
19/06/2025,0.0003962901489071857
20/06/2025,0.0003962901489071857
23/06/2025,0.0003962901489071857
24/06/2025,0.0003962901489071857
25/06/2025,0.0003962901489071857
26/06/2025,0.0003962901489071857
27/06/2025,0.0003962901489071857
30/06/2025,0.0003962901489071857
01/07/2025,0.0003962901489071857
02/07/2025,0.0003962901489071857
03/07/2025,0.0003962901489071857
04/07/2025,0.0003962901489071857
07/07/2025,0.0003962901489071857
08/07/2025,0.0003962901489071857
09/07/2025,0.0003962901489071857
10/07/2025,0.0003962901489071857
11/07/2025,0.0003962901489071857
14/07/2025,0.0003962901489071857
15/07/2025,0.0003962901489071857
16/07/2025,0.0003962901489071857
17/07/2025,0.0003962901489071857
18/07/2025,0.0003962901489071857
21/07/2025,0.0003962901489071857
22/07/2025,0.0003962901489071857
23/07/2025,0.0003962901489071857
24/07/2025,0.0003962901489071857
25/07/2025,0.0003962901489071857
28/07/2025,0.0003962901489071857
29/07/2025,0.0003962901489071857
30/07/2025,0.0003962901489071857
31/07/2025,0.0003962901489071857
01/08/2025,0.0003962901489071857
04/08/2025,0.0003962901489071857
05/08/2025,0.0003962901489071857
06/08/2025,0.0003962901489071857
07/08/2025,0.0003962901489071857
08/08/2025,0.0003962901489071857
11/08/2025,0.0003962901489071857
12/08/2025,0.0003962901489071857
13/08/2025,0.0003962901489071857
14/08/2025,0.0003962901489071857
15/08/2025,0.0003962901489071857
18/08/2025,0.0003962901489071857
19/08/2025,0.0003962901489071857
20/08/2025,0.0003962901489071857
21/08/2025,0.0003962901489071857
22/08/2025,0.0003962901489071857
25/08/2025,0.0003962901489071857
26/08/2025,0.0003962901489071857
27/08/2025,0.0003962901489071857
28/08/2025,0.0003962901489071857
29/08/2025,0.0003962901489071857
01/09/2025,0.0003962901489071857
02/09/2025,0.0003962901489071857
03/09/2025,0.0003962901489071857
04/09/2025,0.0003962901489071857
05/09/2025,0.0003962901489071857
08/09/2025,0.0003962901489071857
09/09/2025,0.0003962901489071857
10/09/2025,0.0003962901489071857
11/09/2025,0.0003962901489071857
12/09/2025,0.0003962901489071857
15/09/2025,0.0003962901489071857
16/09/2025,0.0003962901489071857
17/09/2025,0.0003962901489071857
18/09/2025,0.0003962901489071857
19/09/2025,0.0003962901489071857
22/09/2025,0.0003962901489071857
23/09/2025,0.0003962901489071857
24/09/2025,0.0003962901489071857
25/09/2025,0.0003962901489071857
26/09/2025,0.0003962901489071857
29/09/2025,0.0003962901489071857
30/09/2025,0.0003962901489071857
01/10/2025,0.0003962901489071857
02/10/2025,0.0003962901489071857
03/10/2025,0.0003962901489071857
06/10/2025,0.0003962901489071857
07/10/2025,0.0003962901489071857
08/10/2025,0.0003962901489071857
09/10/2025,0.0003962901489071857
10/10/2025,0.0003962901489071857
13/10/2025,0.0003962901489071857
14/10/2025,0.0003962901489071857
15/10/2025,0.0003962901489071857
16/10/2025,0.0003962901489071857
17/10/2025,0.0003962901489071857
20/10/2025,0.0003962901489071857
21/10/2025,0.0003962901489071857
22/10/2025,0.0003962901489071857
23/10/2025,0.0003962901489071857
24/10/2025,0.0003962901489071857
27/10/2025,0.0003962901489071857
28/10/2025,0.0003962901489071857
29/10/2025,0.0003962901489071857
30/10/2025,0.0003962901489071857
31/10/2025,0.0003962901489071857
03/11/2025,0.0003962901489071857
04/11/2025,0.0003962901489071857
05/11/2025,0.0003962901489071857
06/11/2025,0.0003962901489071857
07/11/2025,0.0003962901489071857
10/11/2025,0.0003962901489071857
11/11/2025,0.0003962901489071857
12/11/2025,0.0003962901489071857
13/11/2025,0.0003962901489071857
14/11/2025,0.0003962901489071857
17/11/2025,0.0003962901489071857
18/11/2025,0.0003962901489071857
19/11/2025,0.0003962901489071857
20/11/2025,0.0003962901489071857
21/11/2025,0.0003962901489071857
24/11/2025,0.0003962901489071857
25/11/2025,0.0003962901489071857
26/11/2025,0.0003962901489071857
27/11/2025,0.0003962901489071857
28/11/2025,0.0003962901489071857
01/12/2025,0.0003962901489071857
02/12/2025,0.0003962901489071857
03/12/2025,0.0003962901489071857
04/12/2025,0.0003962901489071857
05/12/2025,0.0003962901489071857
08/12/2025,0.0003962901489071857
09/12/2025,0.0003962901489071857
10/12/2025,0.0003962901489071857
11/12/2025,0.0003962901489071857
12/12/2025,0.0003962901489071857
15/12/2025,0.0003962901489071857
16/12/2025,0.0003962901489071857
17/12/2025,0.0003962901489071857
18/12/2025,0.0003962901489071857
19/12/2025,0.0003962901489071857
22/12/2025,0.0003962901489071857
23/12/2025,0.0003962901489071857
24/12/2025,0.0003962901489071857
25/12/2025,0.0003962901489071857
26/12/2025,0.0003962901489071857
29/12/2025,0.0003962901489071857
30/12/2025,0.0003962901489071857
31/12/2025,0.0003962901489071857
01/01/2026,0.0003782865315342665
02/01/2026,0.0003782865315342665
05/01/2026,0.0003782865315342665
06/01/2026,0.0003782865315342665
07/01/2026,0.0003782865315342665
08/01/2026,0.0003782865315342665
09/01/2026,0.0003782865315342665
12/01/2026,0.0003782865315342665
13/01/2026,0.0003782865315342665
14/01/2026,0.0003782865315342665
15/01/2026,0.0003782865315342665
16/01/2026,0.0003782865315342665
19/01/2026,0.0003782865315342665
20/01/2026,0.0003782865315342665
21/01/2026,0.0003782865315342665
22/01/2026,0.0003782865315342665
23/01/2026,0.0003782865315342665
26/01/2026,0.0003782865315342665
27/01/2026,0.0003782865315342665
28/01/2026,0.0003782865315342665
29/01/2026,0.0003782865315342665
30/01/2026,0.0003782865315342665
02/02/2026,0.0003782865315342665
03/02/2026,0.0003782865315342665
04/02/2026,0.0003782865315342665
05/02/2026,0.0003782865315342665
06/02/2026,0.0003782865315342665
09/02/2026,0.0003782865315342665
10/02/2026,0.0003782865315342665
11/02/2026,0.0003782865315342665
12/02/2026,0.0003782865315342665
13/02/2026,0.0003782865315342665
16/02/2026,0.0003782865315342665
17/02/2026,0.0003782865315342665
18/02/2026,0.0003782865315342665
19/02/2026,0.0003782865315342665
20/02/2026,0.0003782865315342665
23/02/2026,0.0003782865315342665
24/02/2026,0.0003782865315342665
25/02/2026,0.0003782865315342665
26/02/2026,0.0003782865315342665
27/02/2026,0.0003782865315342665
02/03/2026,0.0003782865315342665
03/03/2026,0.0003782865315342665
04/03/2026,0.0003782865315342665
05/03/2026,0.0003782865315342665
06/03/2026,0.0003782865315342665
09/03/2026,0.0003782865315342665
10/03/2026,0.0003782865315342665
11/03/2026,0.0003782865315342665
12/03/2026,0.0003782865315342665
13/03/2026,0.0003782865315342665
16/03/2026,0.0003782865315342665
17/03/2026,0.0003782865315342665
18/03/2026,0.0003782865315342665
19/03/2026,0.0003782865315342665
20/03/2026,0.0003782865315342665
23/03/2026,0.0003782865315342665
24/03/2026,0.0003782865315342665
25/03/2026,0.0003782865315342665
26/03/2026,0.0003782865315342665
27/03/2026,0.0003782865315342665
30/03/2026,0.0003782865315342665
31/03/2026,0.0003782865315342665
01/04/2026,0.0003782865315342665
02/04/2026,0.0003782865315342665
03/04/2026,0.0003782865315342665
06/04/2026,0.0003782865315342665
07/04/2026,0.0003782865315342665
08/04/2026,0.0003782865315342665
09/04/2026,0.0003782865315342665
10/04/2026,0.0003782865315342665
13/04/2026,0.0003782865315342665
14/04/2026,0.0003782865315342665
15/04/2026,0.0003782865315342665
16/04/2026,0.0003782865315342665
17/04/2026,0.0003782865315342665
20/04/2026,0.0003782865315342665
21/04/2026,0.0003782865315342665
22/04/2026,0.0003782865315342665
23/04/2026,0.0003782865315342665
24/04/2026,0.0003782865315342665
27/04/2026,0.0003782865315342665
28/04/2026,0.0003782865315342665
29/04/2026,0.0003782865315342665
30/04/2026,0.0003782865315342665
01/05/2026,0.0003782865315342665
04/05/2026,0.0003782865315342665
05/05/2026,0.0003782865315342665
06/05/2026,0.0003782865315342665
07/05/2026,0.0003782865315342665
08/05/2026,0.0003782865315342665
11/05/2026,0.0003782865315342665
12/05/2026,0.0003782865315342665
13/05/2026,0.0003782865315342665
14/05/2026,0.0003782865315342665
15/05/2026,0.0003782865315342665
18/05/2026,0.0003782865315342665
19/05/2026,0.0003782865315342665
20/05/2026,0.0003782865315342665
21/05/2026,0.0003782865315342665
22/05/2026,0.0003782865315342665
25/05/2026,0.0003782865315342665
26/05/2026,0.0003782865315342665
27/05/2026,0.0003782865315342665
28/05/2026,0.0003782865315342665
29/05/2026,0.0003782865315342665
01/06/2026,0.0003782865315342665
02/06/2026,0.0003782865315342665
03/06/2026,0.0003782865315342665
04/06/2026,0.0003782865315342665
05/06/2026,0.0003782865315342665
08/06/2026,0.0003782865315342665
09/06/2026,0.0003782865315342665
10/06/2026,0.0003782865315342665
11/06/2026,0.0003782865315342665
12/06/2026,0.0003782865315342665
15/06/2026,0.0003782865315342665
16/06/2026,0.0003782865315342665
17/06/2026,0.0003782865315342665
18/06/2026,0.0003782865315342665
19/06/2026,0.0003782865315342665
22/06/2026,0.0003782865315342665
23/06/2026,0.0003782865315342665
24/06/2026,0.0003782865315342665
25/06/2026,0.0003782865315342665
26/06/2026,0.0003782865315342665
29/06/2026,0.0003782865315342665
30/06/2026,0.0003782865315342665
01/07/2026,0.0003782865315342665
02/07/2026,0.0003782865315342665
03/07/2026,0.0003782865315342665
06/07/2026,0.0003782865315342665
07/07/2026,0.0003782865315342665
08/07/2026,0.0003782865315342665
09/07/2026,0.0003782865315342665
10/07/2026,0.0003782865315342665
13/07/2026,0.0003782865315342665
14/07/2026,0.0003782865315342665
15/07/2026,0.0003782865315342665
16/07/2026,0.0003782865315342665
17/07/2026,0.0003782865315342665
20/07/2026,0.0003782865315342665
21/07/2026,0.0003782865315342665
22/07/2026,0.0003782865315342665
23/07/2026,0.0003782865315342665
24/07/2026,0.0003782865315342665
27/07/2026,0.0003782865315342665
28/07/2026,0.0003782865315342665
29/07/2026,0.0003782865315342665
30/07/2026,0.0003782865315342665
31/07/2026,0.0003782865315342665
03/08/2026,0.0003782865315342665
04/08/2026,0.0003782865315342665
05/08/2026,0.0003782865315342665
06/08/2026,0.0003782865315342665
07/08/2026,0.0003782865315342665
10/08/2026,0.0003782865315342665
11/08/2026,0.0003782865315342665
12/08/2026,0.0003782865315342665
13/08/2026,0.0003782865315342665
14/08/2026,0.0003782865315342665
17/08/2026,0.0003782865315342665
18/08/2026,0.0003782865315342665
19/08/2026,0.0003782865315342665
20/08/2026,0.0003782865315342665
21/08/2026,0.0003782865315342665
24/08/2026,0.0003782865315342665
25/08/2026,0.0003782865315342665
26/08/2026,0.0003782865315342665
27/08/2026,0.0003782865315342665
28/08/2026,0.0003782865315342665
31/08/2026,0.0003782865315342665
01/09/2026,0.0003782865315342665
02/09/2026,0.0003782865315342665
03/09/2026,0.0003782865315342665
04/09/2026,0.0003782865315342665
07/09/2026,0.0003782865315342665
08/09/2026,0.0003782865315342665
09/09/2026,0.0003782865315342665
10/09/2026,0.0003782865315342665
11/09/2026,0.0003782865315342665
14/09/2026,0.0003782865315342665
15/09/2026,0.0003782865315342665
16/09/2026,0.0003782865315342665
17/09/2026,0.0003782865315342665
18/09/2026,0.0003782865315342665
21/09/2026,0.0003782865315342665
22/09/2026,0.0003782865315342665
23/09/2026,0.0003782865315342665
24/09/2026,0.0003782865315342665
25/09/2026,0.0003782865315342665
28/09/2026,0.0003782865315342665
29/09/2026,0.0003782865315342665
30/09/2026,0.0003782865315342665
01/10/2026,0.0003782865315342665
02/10/2026,0.0003782865315342665
05/10/2026,0.0003782865315342665
06/10/2026,0.0003782865315342665
07/10/2026,0.0003782865315342665
08/10/2026,0.0003782865315342665
09/10/2026,0.0003782865315342665
12/10/2026,0.0003782865315342665
13/10/2026,0.0003782865315342665
14/10/2026,0.0003782865315342665
15/10/2026,0.0003782865315342665
16/10/2026,0.0003782865315342665
19/10/2026,0.0003782865315342665
20/10/2026,0.0003782865315342665
21/10/2026,0.0003782865315342665
22/10/2026,0.0003782865315342665
23/10/2026,0.0003782865315342665
26/10/2026,0.0003782865315342665
27/10/2026,0.0003782865315342665
28/10/2026,0.0003782865315342665
29/10/2026,0.0003782865315342665
30/10/2026,0.0003782865315342665
02/11/2026,0.0003782865315342665
03/11/2026,0.0003782865315342665
04/11/2026,0.0003782865315342665
05/11/2026,0.0003782865315342665
06/11/2026,0.0003782865315342665
09/11/2026,0.0003782865315342665
10/11/2026,0.0003782865315342665
11/11/2026,0.0003782865315342665
12/11/2026,0.0003782865315342665
13/11/2026,0.0003782865315342665
16/11/2026,0.0003782865315342665
17/11/2026,0.0003782865315342665
18/11/2026,0.0003782865315342665
19/11/2026,0.0003782865315342665
20/11/2026,0.0003782865315342665
23/11/2026,0.0003782865315342665
24/11/2026,0.0003782865315342665
25/11/2026,0.0003782865315342665
26/11/2026,0.0003782865315342665
27/11/2026,0.0003782865315342665
30/11/2026,0.0003782865315342665
01/12/2026,0.0003782865315342665
02/12/2026,0.0003782865315342665
03/12/2026,0.0003782865315342665
04/12/2026,0.0003782865315342665
07/12/2026,0.0003782865315342665
08/12/2026,0.0003782865315342665
09/12/2026,0.0003782865315342665
10/12/2026,0.0003782865315342665
11/12/2026,0.0003782865315342665
14/12/2026,0.0003782865315342665
15/12/2026,0.0003782865315342665
16/12/2026,0.0003782865315342665
17/12/2026,0.0003782865315342665
18/12/2026,0.0003782865315342665
21/12/2026,0.0003782865315342665
22/12/2026,0.0003782865315342665
23/12/2026,0.0003782865315342665
24/12/2026,0.0003782865315342665
25/12/2026,0.0003782865315342665
28/12/2026,0.0003782865315342665
29/12/2026,0.0003782865315342665
30/12/2026,0.0003782865315342665
31/12/2026,0.0003782865315342665
